nohup: ignorando entrada
 * Serving Flask app 'app'
 * Debug mode: on
WARNING: This is a development server. Do not use it in a production deployment. Use a production WSGI server instead.
 * Running on http://127.0.0.1:5000
Press CTRL+C to quit
 * Restarting with watchdog (inotify)
 * Debugger is active!
 * Debugger PIN: 274-686-484
 * Detected change in '/home/lucas/Documentos/projeto requisitos/REQ-2025.2-T02-ProJuris/src/backend/venv/lib/python3.14/site-packages/pip/__init__.py', reloading
 * Detected change in '/home/lucas/Documentos/projeto requisitos/REQ-2025.2-T02-ProJuris/src/backend/venv/lib/python3.14/site-packages/pip/__init__.py', reloading
 * Detected change in '/home/lucas/Documentos/projeto requisitos/REQ-2025.2-T02-ProJuris/src/backend/venv/lib/python3.14/site-packages/pip/__init__.py', reloading
 * Detected change in '/home/lucas/Documentos/projeto requisitos/REQ-2025.2-T02-ProJuris/src/backend/venv/lib/python3.14/site-packages/pip/__main__.py', reloading
 * Detected change in '/home/lucas/Documentos/projeto requisitos/REQ-2025.2-T02-ProJuris/src/backend/venv/lib/python3.14/site-packages/pip/__main__.py', reloading
 * Detected change in '/home/lucas/Documentos/projeto requisitos/REQ-2025.2-T02-ProJuris/src/backend/venv/lib/python3.14/site-packages/pip/__main__.py', reloading
 * Detected change in '/home/lucas/Documentos/projeto requisitos/REQ-2025.2-T02-ProJuris/src/backend/venv/lib/python3.14/site-packages/pip/__pip-runner__.py', reloading
 * Detected change in '/home/lucas/Documentos/projeto requisitos/REQ-2025.2-T02-ProJuris/src/backend/venv/lib/python3.14/site-packages/pip/__pip-runner__.py', reloading
 * Detected change in '/home/lucas/Documentos/projeto requisitos/REQ-2025.2-T02-ProJuris/src/backend/venv/lib/python3.14/site-packages/pip/__pip-runner__.py', reloading
 * Detected change in '/home/lucas/Documentos/projeto requisitos/REQ-2025.2-T02-ProJuris/src/backend/venv/lib/python3.14/site-packages/pip/_internal/__init__.py', reloading
 * Detected change in '/home/lucas/Documentos/projeto requisitos/REQ-2025.2-T02-ProJuris/src/backend/venv/lib/python3.14/site-packages/pip/_internal/build_env.py', reloading
 * Detected change in '/home/lucas/Documentos/projeto requisitos/REQ-2025.2-T02-ProJuris/src/backend/venv/lib/python3.14/site-packages/pip/_internal/cache.py', reloading
 * Detected change in '/home/lucas/Documentos/projeto requisitos/REQ-2025.2-T02-ProJuris/src/backend/venv/lib/python3.14/site-packages/pip/_internal/configuration.py', reloading
 * Detected change in '/home/lucas/Documentos/projeto requisitos/REQ-2025.2-T02-ProJuris/src/backend/venv/lib/python3.14/site-packages/pip/_internal/exceptions.py', reloading
 * Detected change in '/home/lucas/Documentos/projeto requisitos/REQ-2025.2-T02-ProJuris/src/backend/venv/lib/python3.14/site-packages/pip/_internal/main.py', reloading
 * Detected change in '/home/lucas/Documentos/projeto requisitos/REQ-2025.2-T02-ProJuris/src/backend/venv/lib/python3.14/site-packages/pip/_internal/pyproject.py', reloading
 * Detected change in '/home/lucas/Documentos/projeto requisitos/REQ-2025.2-T02-ProJuris/src/backend/venv/lib/python3.14/site-packages/pip/_internal/self_outdated_check.py', reloading
 * Detected change in '/home/lucas/Documentos/projeto requisitos/REQ-2025.2-T02-ProJuris/src/backend/venv/lib/python3.14/site-packages/pip/_internal/wheel_builder.py', reloading
 * Detected change in '/home/lucas/Documentos/projeto requisitos/REQ-2025.2-T02-ProJuris/src/backend/venv/lib/python3.14/site-packages/pip/_internal/cli/__init__.py', reloading
 * Detected change in '/home/lucas/Documentos/projeto requisitos/REQ-2025.2-T02-ProJuris/src/backend/venv/lib/python3.14/site-packages/pip/_internal/cli/autocompletion.py', reloading
 * Detected change in '/home/lucas/Documentos/projeto requisitos/REQ-2025.2-T02-ProJuris/src/backend/venv/lib/python3.14/site-packages/pip/_internal/cli/base_command.py', reloading
 * Detected change in '/home/lucas/Documentos/projeto requisitos/REQ-2025.2-T02-ProJuris/src/backend/venv/lib/python3.14/site-packages/pip/_internal/cache.py', reloading
 * Detected change in '/home/lucas/Documentos/projeto requisitos/REQ-2025.2-T02-ProJuris/src/backend/venv/lib/python3.14/site-packages/pip/_internal/cache.py', reloading
 * Detected change in '/home/lucas/Documentos/projeto requisitos/REQ-2025.2-T02-ProJuris/src/backend/venv/lib/python3.14/site-packages/pip/_internal/cache.py', reloading
 * Detected change in '/home/lucas/Documentos/projeto requisitos/REQ-2025.2-T02-ProJuris/src/backend/venv/lib/python3.14/site-packages/pip/_internal/configuration.py', reloading
 * Detected change in '/home/lucas/Documentos/projeto requisitos/REQ-2025.2-T02-ProJuris/src/backend/venv/lib/python3.14/site-packages/pip/_internal/configuration.py', reloading
 * Detected change in '/home/lucas/Documentos/projeto requisitos/REQ-2025.2-T02-ProJuris/src/backend/venv/lib/python3.14/site-packages/pip/_internal/configuration.py', reloading
 * Detected change in '/home/lucas/Documentos/projeto requisitos/REQ-2025.2-T02-ProJuris/src/backend/venv/lib/python3.14/site-packages/pip/_internal/exceptions.py', reloading
 * Detected change in '/home/lucas/Documentos/projeto requisitos/REQ-2025.2-T02-ProJuris/src/backend/venv/lib/python3.14/site-packages/pip/_internal/exceptions.py', reloading
 * Detected change in '/home/lucas/Documentos/projeto requisitos/REQ-2025.2-T02-ProJuris/src/backend/venv/lib/python3.14/site-packages/pip/_internal/exceptions.py', reloading
 * Detected change in '/home/lucas/Documentos/projeto requisitos/REQ-2025.2-T02-ProJuris/src/backend/venv/lib/python3.14/site-packages/pip/_internal/main.py', reloading
 * Detected change in '/home/lucas/Documentos/projeto requisitos/REQ-2025.2-T02-ProJuris/src/backend/venv/lib/python3.14/site-packages/pip/_internal/main.py', reloading
 * Detected change in '/home/lucas/Documentos/projeto requisitos/REQ-2025.2-T02-ProJuris/src/backend/venv/lib/python3.14/site-packages/pip/_internal/main.py', reloading
 * Detected change in '/home/lucas/Documentos/projeto requisitos/REQ-2025.2-T02-ProJuris/src/backend/venv/lib/python3.14/site-packages/pip/_internal/pyproject.py', reloading
 * Detected change in '/home/lucas/Documentos/projeto requisitos/REQ-2025.2-T02-ProJuris/src/backend/venv/lib/python3.14/site-packages/pip/_internal/pyproject.py', reloading
 * Detected change in '/home/lucas/Documentos/projeto requisitos/REQ-2025.2-T02-ProJuris/src/backend/venv/lib/python3.14/site-packages/pip/_internal/pyproject.py', reloading
 * Detected change in '/home/lucas/Documentos/projeto requisitos/REQ-2025.2-T02-ProJuris/src/backend/venv/lib/python3.14/site-packages/pip/_internal/self_outdated_check.py', reloading
 * Detected change in '/home/lucas/Documentos/projeto requisitos/REQ-2025.2-T02-ProJuris/src/backend/venv/lib/python3.14/site-packages/pip/_internal/self_outdated_check.py', reloading
 * Detected change in '/home/lucas/Documentos/projeto requisitos/REQ-2025.2-T02-ProJuris/src/backend/venv/lib/python3.14/site-packages/pip/_internal/self_outdated_check.py', reloading
 * Detected change in '/home/lucas/Documentos/projeto requisitos/REQ-2025.2-T02-ProJuris/src/backend/venv/lib/python3.14/site-packages/pip/_internal/wheel_builder.py', reloading
 * Detected change in '/home/lucas/Documentos/projeto requisitos/REQ-2025.2-T02-ProJuris/src/backend/venv/lib/python3.14/site-packages/pip/_internal/wheel_builder.py', reloading
 * Detected change in '/home/lucas/Documentos/projeto requisitos/REQ-2025.2-T02-ProJuris/src/backend/venv/lib/python3.14/site-packages/pip/_internal/wheel_builder.py', reloading
 * Detected change in '/home/lucas/Documentos/projeto requisitos/REQ-2025.2-T02-ProJuris/src/backend/venv/lib/python3.14/site-packages/pip/_internal/cli/__init__.py', reloading
 * Detected change in '/home/lucas/Documentos/projeto requisitos/REQ-2025.2-T02-ProJuris/src/backend/venv/lib/python3.14/site-packages/pip/_internal/cli/autocompletion.py', reloading
 * Detected change in '/home/lucas/Documentos/projeto requisitos/REQ-2025.2-T02-ProJuris/src/backend/venv/lib/python3.14/site-packages/pip/_internal/cli/base_command.py', reloading
 * Detected change in '/home/lucas/Documentos/projeto requisitos/REQ-2025.2-T02-ProJuris/src/backend/venv/lib/python3.14/site-packages/pip/_internal/cli/cmdoptions.py', reloading
 * Detected change in '/home/lucas/Documentos/projeto requisitos/REQ-2025.2-T02-ProJuris/src/backend/venv/lib/python3.14/site-packages/pip/_internal/cli/command_context.py', reloading
 * Detected change in '/home/lucas/Documentos/projeto requisitos/REQ-2025.2-T02-ProJuris/src/backend/venv/lib/python3.14/site-packages/pip/_internal/cli/index_command.py', reloading
 * Detected change in '/home/lucas/Documentos/projeto requisitos/REQ-2025.2-T02-ProJuris/src/backend/venv/lib/python3.14/site-packages/pip/_internal/cli/main.py', reloading
 * Detected change in '/home/lucas/Documentos/projeto requisitos/REQ-2025.2-T02-ProJuris/src/backend/venv/lib/python3.14/site-packages/pip/_internal/cli/main_parser.py', reloading
 * Detected change in '/home/lucas/Documentos/projeto requisitos/REQ-2025.2-T02-ProJuris/src/backend/venv/lib/python3.14/site-packages/pip/_internal/cli/parser.py', reloading
 * Detected change in '/home/lucas/Documentos/projeto requisitos/REQ-2025.2-T02-ProJuris/src/backend/venv/lib/python3.14/site-packages/pip/_internal/cli/progress_bars.py', reloading
 * Detected change in '/home/lucas/Documentos/projeto requisitos/REQ-2025.2-T02-ProJuris/src/backend/venv/lib/python3.14/site-packages/pip/_internal/cli/req_command.py', reloading
 * Detected change in '/home/lucas/Documentos/projeto requisitos/REQ-2025.2-T02-ProJuris/src/backend/venv/lib/python3.14/site-packages/pip/_internal/cli/base_command.py', reloading
 * Detected change in '/home/lucas/Documentos/projeto requisitos/REQ-2025.2-T02-ProJuris/src/backend/venv/lib/python3.14/site-packages/pip/_internal/cli/base_command.py', reloading
 * Detected change in '/home/lucas/Documentos/projeto requisitos/REQ-2025.2-T02-ProJuris/src/backend/venv/lib/python3.14/site-packages/pip/_internal/cli/base_command.py', reloading
 * Detected change in '/home/lucas/Documentos/projeto requisitos/REQ-2025.2-T02-ProJuris/src/backend/venv/lib/python3.14/site-packages/pip/_internal/cli/cmdoptions.py', reloading
 * Detected change in '/home/lucas/Documentos/projeto requisitos/REQ-2025.2-T02-ProJuris/src/backend/venv/lib/python3.14/site-packages/pip/_internal/cli/cmdoptions.py', reloading
 * Detected change in '/home/lucas/Documentos/projeto requisitos/REQ-2025.2-T02-ProJuris/src/backend/venv/lib/python3.14/site-packages/pip/_internal/cli/cmdoptions.py', reloading
 * Detected change in '/home/lucas/Documentos/projeto requisitos/REQ-2025.2-T02-ProJuris/src/backend/venv/lib/python3.14/site-packages/pip/_internal/cli/command_context.py', reloading
 * Detected change in '/home/lucas/Documentos/projeto requisitos/REQ-2025.2-T02-ProJuris/src/backend/venv/lib/python3.14/site-packages/pip/_internal/cli/command_context.py', reloading
 * Detected change in '/home/lucas/Documentos/projeto requisitos/REQ-2025.2-T02-ProJuris/src/backend/venv/lib/python3.14/site-packages/pip/_internal/cli/command_context.py', reloading
 * Detected change in '/home/lucas/Documentos/projeto requisitos/REQ-2025.2-T02-ProJuris/src/backend/venv/lib/python3.14/site-packages/pip/_internal/cli/index_command.py', reloading
 * Detected change in '/home/lucas/Documentos/projeto requisitos/REQ-2025.2-T02-ProJuris/src/backend/venv/lib/python3.14/site-packages/pip/_internal/cli/index_command.py', reloading
 * Detected change in '/home/lucas/Documentos/projeto requisitos/REQ-2025.2-T02-ProJuris/src/backend/venv/lib/python3.14/site-packages/pip/_internal/cli/index_command.py', reloading
 * Detected change in '/home/lucas/Documentos/projeto requisitos/REQ-2025.2-T02-ProJuris/src/backend/venv/lib/python3.14/site-packages/pip/_internal/cli/main.py', reloading
 * Detected change in '/home/lucas/Documentos/projeto requisitos/REQ-2025.2-T02-ProJuris/src/backend/venv/lib/python3.14/site-packages/pip/_internal/cli/main.py', reloading
 * Detected change in '/home/lucas/Documentos/projeto requisitos/REQ-2025.2-T02-ProJuris/src/backend/venv/lib/python3.14/site-packages/pip/_internal/cli/main.py', reloading
 * Detected change in '/home/lucas/Documentos/projeto requisitos/REQ-2025.2-T02-ProJuris/src/backend/venv/lib/python3.14/site-packages/pip/_internal/cli/main_parser.py', reloading
 * Detected change in '/home/lucas/Documentos/projeto requisitos/REQ-2025.2-T02-ProJuris/src/backend/venv/lib/python3.14/site-packages/pip/_internal/cli/main_parser.py', reloading
 * Detected change in '/home/lucas/Documentos/projeto requisitos/REQ-2025.2-T02-ProJuris/src/backend/venv/lib/python3.14/site-packages/pip/_internal/cli/main_parser.py', reloading
 * Detected change in '/home/lucas/Documentos/projeto requisitos/REQ-2025.2-T02-ProJuris/src/backend/venv/lib/python3.14/site-packages/pip/_internal/cli/parser.py', reloading
 * Detected change in '/home/lucas/Documentos/projeto requisitos/REQ-2025.2-T02-ProJuris/src/backend/venv/lib/python3.14/site-packages/pip/_internal/cli/parser.py', reloading
 * Detected change in '/home/lucas/Documentos/projeto requisitos/REQ-2025.2-T02-ProJuris/src/backend/venv/lib/python3.14/site-packages/pip/_internal/cli/parser.py', reloading
 * Detected change in '/home/lucas/Documentos/projeto requisitos/REQ-2025.2-T02-ProJuris/src/backend/venv/lib/python3.14/site-packages/pip/_internal/cli/progress_bars.py', reloading
 * Detected change in '/home/lucas/Documentos/projeto requisitos/REQ-2025.2-T02-ProJuris/src/backend/venv/lib/python3.14/site-packages/pip/_internal/cli/progress_bars.py', reloading
 * Detected change in '/home/lucas/Documentos/projeto requisitos/REQ-2025.2-T02-ProJuris/src/backend/venv/lib/python3.14/site-packages/pip/_internal/cli/progress_bars.py', reloading
 * Detected change in '/home/lucas/Documentos/projeto requisitos/REQ-2025.2-T02-ProJuris/src/backend/venv/lib/python3.14/site-packages/pip/_internal/cli/req_command.py', reloading
 * Detected change in '/home/lucas/Documentos/projeto requisitos/REQ-2025.2-T02-ProJuris/src/backend/venv/lib/python3.14/site-packages/pip/_internal/cli/req_command.py', reloading
 * Detected change in '/home/lucas/Documentos/projeto requisitos/REQ-2025.2-T02-ProJuris/src/backend/venv/lib/python3.14/site-packages/pip/_internal/cli/req_command.py', reloading
 * Detected change in '/home/lucas/Documentos/projeto requisitos/REQ-2025.2-T02-ProJuris/src/backend/venv/lib/python3.14/site-packages/pip/_internal/cli/spinners.py', reloading
 * Detected change in '/home/lucas/Documentos/projeto requisitos/REQ-2025.2-T02-ProJuris/src/backend/venv/lib/python3.14/site-packages/pip/_internal/cli/spinners.py', reloading
 * Detected change in '/home/lucas/Documentos/projeto requisitos/REQ-2025.2-T02-ProJuris/src/backend/venv/lib/python3.14/site-packages/pip/_internal/cli/spinners.py', reloading
 * Detected change in '/home/lucas/Documentos/projeto requisitos/REQ-2025.2-T02-ProJuris/src/backend/venv/lib/python3.14/site-packages/pip/_internal/cli/status_codes.py', reloading
 * Detected change in '/home/lucas/Documentos/projeto requisitos/REQ-2025.2-T02-ProJuris/src/backend/venv/lib/python3.14/site-packages/pip/_internal/cli/status_codes.py', reloading
 * Detected change in '/home/lucas/Documentos/projeto requisitos/REQ-2025.2-T02-ProJuris/src/backend/venv/lib/python3.14/site-packages/pip/_internal/cli/status_codes.py', reloading
 * Detected change in '/home/lucas/Documentos/projeto requisitos/REQ-2025.2-T02-ProJuris/src/backend/venv/lib/python3.14/site-packages/pip/_internal/commands/__init__.py', reloading
 * Detected change in '/home/lucas/Documentos/projeto requisitos/REQ-2025.2-T02-ProJuris/src/backend/venv/lib/python3.14/site-packages/pip/_internal/commands/cache.py', reloading
 * Detected change in '/home/lucas/Documentos/projeto requisitos/REQ-2025.2-T02-ProJuris/src/backend/venv/lib/python3.14/site-packages/pip/_internal/commands/check.py', reloading
 * Detected change in '/home/lucas/Documentos/projeto requisitos/REQ-2025.2-T02-ProJuris/src/backend/venv/lib/python3.14/site-packages/pip/_internal/commands/completion.py', reloading
 * Detected change in '/home/lucas/Documentos/projeto requisitos/REQ-2025.2-T02-ProJuris/src/backend/venv/lib/python3.14/site-packages/pip/_internal/commands/configuration.py', reloading
 * Detected change in '/home/lucas/Documentos/projeto requisitos/REQ-2025.2-T02-ProJuris/src/backend/venv/lib/python3.14/site-packages/pip/_internal/commands/debug.py', reloading
 * Detected change in '/home/lucas/Documentos/projeto requisitos/REQ-2025.2-T02-ProJuris/src/backend/venv/lib/python3.14/site-packages/pip/_internal/commands/download.py', reloading
 * Detected change in '/home/lucas/Documentos/projeto requisitos/REQ-2025.2-T02-ProJuris/src/backend/venv/lib/python3.14/site-packages/pip/_internal/commands/freeze.py', reloading
 * Detected change in '/home/lucas/Documentos/projeto requisitos/REQ-2025.2-T02-ProJuris/src/backend/venv/lib/python3.14/site-packages/pip/_internal/commands/hash.py', reloading
 * Detected change in '/home/lucas/Documentos/projeto requisitos/REQ-2025.2-T02-ProJuris/src/backend/venv/lib/python3.14/site-packages/pip/_internal/commands/help.py', reloading
 * Detected change in '/home/lucas/Documentos/projeto requisitos/REQ-2025.2-T02-ProJuris/src/backend/venv/lib/python3.14/site-packages/pip/_internal/commands/index.py', reloading
 * Detected change in '/home/lucas/Documentos/projeto requisitos/REQ-2025.2-T02-ProJuris/src/backend/venv/lib/python3.14/site-packages/pip/_internal/commands/inspect.py', reloading
 * Detected change in '/home/lucas/Documentos/projeto requisitos/REQ-2025.2-T02-ProJuris/src/backend/venv/lib/python3.14/site-packages/pip/_internal/commands/install.py', reloading
 * Detected change in '/home/lucas/Documentos/projeto requisitos/REQ-2025.2-T02-ProJuris/src/backend/venv/lib/python3.14/site-packages/pip/_internal/commands/list.py', reloading
 * Detected change in '/home/lucas/Documentos/projeto requisitos/REQ-2025.2-T02-ProJuris/src/backend/venv/lib/python3.14/site-packages/pip/_internal/commands/lock.py', reloading
 * Detected change in '/home/lucas/Documentos/projeto requisitos/REQ-2025.2-T02-ProJuris/src/backend/venv/lib/python3.14/site-packages/pip/_internal/commands/search.py', reloading
 * Detected change in '/home/lucas/Documentos/projeto requisitos/REQ-2025.2-T02-ProJuris/src/backend/venv/lib/python3.14/site-packages/pip/_internal/commands/show.py', reloading
 * Detected change in '/home/lucas/Documentos/projeto requisitos/REQ-2025.2-T02-ProJuris/src/backend/venv/lib/python3.14/site-packages/pip/_internal/commands/uninstall.py', reloading
 * Detected change in '/home/lucas/Documentos/projeto requisitos/REQ-2025.2-T02-ProJuris/src/backend/venv/lib/python3.14/site-packages/pip/_internal/commands/wheel.py', reloading
 * Detected change in '/home/lucas/Documentos/projeto requisitos/REQ-2025.2-T02-ProJuris/src/backend/venv/lib/python3.14/site-packages/pip/_internal/distributions/__init__.py', reloading
 * Detected change in '/home/lucas/Documentos/projeto requisitos/REQ-2025.2-T02-ProJuris/src/backend/venv/lib/python3.14/site-packages/pip/_internal/distributions/base.py', reloading
 * Detected change in '/home/lucas/Documentos/projeto requisitos/REQ-2025.2-T02-ProJuris/src/backend/venv/lib/python3.14/site-packages/pip/_internal/distributions/installed.py', reloading
 * Detected change in '/home/lucas/Documentos/projeto requisitos/REQ-2025.2-T02-ProJuris/src/backend/venv/lib/python3.14/site-packages/pip/_internal/distributions/sdist.py', reloading
 * Detected change in '/home/lucas/Documentos/projeto requisitos/REQ-2025.2-T02-ProJuris/src/backend/venv/lib/python3.14/site-packages/pip/_internal/distributions/wheel.py', reloading
 * Detected change in '/home/lucas/Documentos/projeto requisitos/REQ-2025.2-T02-ProJuris/src/backend/venv/lib/python3.14/site-packages/pip/_internal/index/__init__.py', reloading
 * Detected change in '/home/lucas/Documentos/projeto requisitos/REQ-2025.2-T02-ProJuris/src/backend/venv/lib/python3.14/site-packages/pip/_internal/index/collector.py', reloading
 * Detected change in '/home/lucas/Documentos/projeto requisitos/REQ-2025.2-T02-ProJuris/src/backend/venv/lib/python3.14/site-packages/pip/_internal/index/package_finder.py', reloading
 * Detected change in '/home/lucas/Documentos/projeto requisitos/REQ-2025.2-T02-ProJuris/src/backend/venv/lib/python3.14/site-packages/pip/_internal/index/sources.py', reloading
 * Detected change in '/home/lucas/Documentos/projeto requisitos/REQ-2025.2-T02-ProJuris/src/backend/venv/lib/python3.14/site-packages/pip/_internal/locations/__init__.py', reloading
 * Detected change in '/home/lucas/Documentos/projeto requisitos/REQ-2025.2-T02-ProJuris/src/backend/venv/lib/python3.14/site-packages/pip/_internal/locations/_distutils.py', reloading
 * Detected change in '/home/lucas/Documentos/projeto requisitos/REQ-2025.2-T02-ProJuris/src/backend/venv/lib/python3.14/site-packages/pip/_internal/locations/_sysconfig.py', reloading
 * Detected change in '/home/lucas/Documentos/projeto requisitos/REQ-2025.2-T02-ProJuris/src/backend/venv/lib/python3.14/site-packages/pip/_internal/locations/base.py', reloading
 * Detected change in '/home/lucas/Documentos/projeto requisitos/REQ-2025.2-T02-ProJuris/src/backend/venv/lib/python3.14/site-packages/pip/_internal/metadata/__init__.py', reloading
 * Detected change in '/home/lucas/Documentos/projeto requisitos/REQ-2025.2-T02-ProJuris/src/backend/venv/lib/python3.14/site-packages/pip/_internal/metadata/_json.py', reloading
 * Detected change in '/home/lucas/Documentos/projeto requisitos/REQ-2025.2-T02-ProJuris/src/backend/venv/lib/python3.14/site-packages/pip/_internal/metadata/base.py', reloading
 * Detected change in '/home/lucas/Documentos/projeto requisitos/REQ-2025.2-T02-ProJuris/src/backend/venv/lib/python3.14/site-packages/pip/_internal/metadata/pkg_resources.py', reloading
 * Detected change in '/home/lucas/Documentos/projeto requisitos/REQ-2025.2-T02-ProJuris/src/backend/venv/lib/python3.14/site-packages/pip/_internal/metadata/importlib/__init__.py', reloading
 * Detected change in '/home/lucas/Documentos/projeto requisitos/REQ-2025.2-T02-ProJuris/src/backend/venv/lib/python3.14/site-packages/pip/_internal/metadata/importlib/_compat.py', reloading
 * Detected change in '/home/lucas/Documentos/projeto requisitos/REQ-2025.2-T02-ProJuris/src/backend/venv/lib/python3.14/site-packages/pip/_internal/metadata/importlib/_dists.py', reloading
 * Detected change in '/home/lucas/Documentos/projeto requisitos/REQ-2025.2-T02-ProJuris/src/backend/venv/lib/python3.14/site-packages/pip/_internal/metadata/importlib/_envs.py', reloading
 * Detected change in '/home/lucas/Documentos/projeto requisitos/REQ-2025.2-T02-ProJuris/src/backend/venv/lib/python3.14/site-packages/pip/_internal/models/__init__.py', reloading
 * Detected change in '/home/lucas/Documentos/projeto requisitos/REQ-2025.2-T02-ProJuris/src/backend/venv/lib/python3.14/site-packages/pip/_internal/models/candidate.py', reloading
 * Detected change in '/home/lucas/Documentos/projeto requisitos/REQ-2025.2-T02-ProJuris/src/backend/venv/lib/python3.14/site-packages/pip/_internal/models/direct_url.py', reloading
 * Detected change in '/home/lucas/Documentos/projeto requisitos/REQ-2025.2-T02-ProJuris/src/backend/venv/lib/python3.14/site-packages/pip/_internal/models/format_control.py', reloading
 * Detected change in '/home/lucas/Documentos/projeto requisitos/REQ-2025.2-T02-ProJuris/src/backend/venv/lib/python3.14/site-packages/pip/_internal/models/index.py', reloading
 * Detected change in '/home/lucas/Documentos/projeto requisitos/REQ-2025.2-T02-ProJuris/src/backend/venv/lib/python3.14/site-packages/pip/_internal/models/installation_report.py', reloading
 * Detected change in '/home/lucas/Documentos/projeto requisitos/REQ-2025.2-T02-ProJuris/src/backend/venv/lib/python3.14/site-packages/pip/_internal/models/link.py', reloading
 * Detected change in '/home/lucas/Documentos/projeto requisitos/REQ-2025.2-T02-ProJuris/src/backend/venv/lib/python3.14/site-packages/pip/_internal/models/pylock.py', reloading
 * Detected change in '/home/lucas/Documentos/projeto requisitos/REQ-2025.2-T02-ProJuris/src/backend/venv/lib/python3.14/site-packages/pip/_internal/models/scheme.py', reloading
 * Detected change in '/home/lucas/Documentos/projeto requisitos/REQ-2025.2-T02-ProJuris/src/backend/venv/lib/python3.14/site-packages/pip/_internal/models/search_scope.py', reloading
 * Detected change in '/home/lucas/Documentos/projeto requisitos/REQ-2025.2-T02-ProJuris/src/backend/venv/lib/python3.14/site-packages/pip/_internal/models/selection_prefs.py', reloading
 * Detected change in '/home/lucas/Documentos/projeto requisitos/REQ-2025.2-T02-ProJuris/src/backend/venv/lib/python3.14/site-packages/pip/_internal/models/target_python.py', reloading
 * Detected change in '/home/lucas/Documentos/projeto requisitos/REQ-2025.2-T02-ProJuris/src/backend/venv/lib/python3.14/site-packages/pip/_internal/models/wheel.py', reloading
 * Detected change in '/home/lucas/Documentos/projeto requisitos/REQ-2025.2-T02-ProJuris/src/backend/venv/lib/python3.14/site-packages/pip/_internal/network/__init__.py', reloading
 * Detected change in '/home/lucas/Documentos/projeto requisitos/REQ-2025.2-T02-ProJuris/src/backend/venv/lib/python3.14/site-packages/pip/_internal/network/auth.py', reloading
 * Detected change in '/home/lucas/Documentos/projeto requisitos/REQ-2025.2-T02-ProJuris/src/backend/venv/lib/python3.14/site-packages/pip/_internal/network/cache.py', reloading
 * Detected change in '/home/lucas/Documentos/projeto requisitos/REQ-2025.2-T02-ProJuris/src/backend/venv/lib/python3.14/site-packages/pip/_internal/network/download.py', reloading
 * Detected change in '/home/lucas/Documentos/projeto requisitos/REQ-2025.2-T02-ProJuris/src/backend/venv/lib/python3.14/site-packages/pip/_internal/network/lazy_wheel.py', reloading
 * Detected change in '/home/lucas/Documentos/projeto requisitos/REQ-2025.2-T02-ProJuris/src/backend/venv/lib/python3.14/site-packages/pip/_internal/network/session.py', reloading
 * Detected change in '/home/lucas/Documentos/projeto requisitos/REQ-2025.2-T02-ProJuris/src/backend/venv/lib/python3.14/site-packages/pip/_internal/network/utils.py', reloading
 * Detected change in '/home/lucas/Documentos/projeto requisitos/REQ-2025.2-T02-ProJuris/src/backend/venv/lib/python3.14/site-packages/pip/_internal/network/xmlrpc.py', reloading
 * Detected change in '/home/lucas/Documentos/projeto requisitos/REQ-2025.2-T02-ProJuris/src/backend/venv/lib/python3.14/site-packages/pip/_internal/operations/__init__.py', reloading
 * Detected change in '/home/lucas/Documentos/projeto requisitos/REQ-2025.2-T02-ProJuris/src/backend/venv/lib/python3.14/site-packages/pip/_internal/operations/check.py', reloading
 * Detected change in '/home/lucas/Documentos/projeto requisitos/REQ-2025.2-T02-ProJuris/src/backend/venv/lib/python3.14/site-packages/pip/_internal/operations/freeze.py', reloading
 * Detected change in '/home/lucas/Documentos/projeto requisitos/REQ-2025.2-T02-ProJuris/src/backend/venv/lib/python3.14/site-packages/pip/_internal/operations/prepare.py', reloading
 * Detected change in '/home/lucas/Documentos/projeto requisitos/REQ-2025.2-T02-ProJuris/src/backend/venv/lib/python3.14/site-packages/pip/_internal/operations/build/__init__.py', reloading
 * Detected change in '/home/lucas/Documentos/projeto requisitos/REQ-2025.2-T02-ProJuris/src/backend/venv/lib/python3.14/site-packages/pip/_internal/operations/build/build_tracker.py', reloading
 * Detected change in '/home/lucas/Documentos/projeto requisitos/REQ-2025.2-T02-ProJuris/src/backend/venv/lib/python3.14/site-packages/pip/_internal/operations/build/metadata.py', reloading
 * Detected change in '/home/lucas/Documentos/projeto requisitos/REQ-2025.2-T02-ProJuris/src/backend/venv/lib/python3.14/site-packages/pip/_internal/operations/build/metadata_editable.py', reloading
 * Detected change in '/home/lucas/Documentos/projeto requisitos/REQ-2025.2-T02-ProJuris/src/backend/venv/lib/python3.14/site-packages/pip/_internal/operations/build/metadata_legacy.py', reloading
 * Detected change in '/home/lucas/Documentos/projeto requisitos/REQ-2025.2-T02-ProJuris/src/backend/venv/lib/python3.14/site-packages/pip/_internal/operations/build/wheel.py', reloading
 * Detected change in '/home/lucas/Documentos/projeto requisitos/REQ-2025.2-T02-ProJuris/src/backend/venv/lib/python3.14/site-packages/pip/_internal/operations/build/wheel_editable.py', reloading
 * Detected change in '/home/lucas/Documentos/projeto requisitos/REQ-2025.2-T02-ProJuris/src/backend/venv/lib/python3.14/site-packages/pip/_internal/operations/build/wheel_legacy.py', reloading
 * Detected change in '/home/lucas/Documentos/projeto requisitos/REQ-2025.2-T02-ProJuris/src/backend/venv/lib/python3.14/site-packages/pip/_internal/operations/install/__init__.py', reloading
 * Detected change in '/home/lucas/Documentos/projeto requisitos/REQ-2025.2-T02-ProJuris/src/backend/venv/lib/python3.14/site-packages/pip/_internal/operations/install/editable_legacy.py', reloading
 * Detected change in '/home/lucas/Documentos/projeto requisitos/REQ-2025.2-T02-ProJuris/src/backend/venv/lib/python3.14/site-packages/pip/_internal/operations/install/wheel.py', reloading
 * Detected change in '/home/lucas/Documentos/projeto requisitos/REQ-2025.2-T02-ProJuris/src/backend/venv/lib/python3.14/site-packages/pip/_internal/req/__init__.py', reloading
 * Detected change in '/home/lucas/Documentos/projeto requisitos/REQ-2025.2-T02-ProJuris/src/backend/venv/lib/python3.14/site-packages/pip/_internal/req/constructors.py', reloading
 * Detected change in '/home/lucas/Documentos/projeto requisitos/REQ-2025.2-T02-ProJuris/src/backend/venv/lib/python3.14/site-packages/pip/_internal/req/req_dependency_group.py', reloading
 * Detected change in '/home/lucas/Documentos/projeto requisitos/REQ-2025.2-T02-ProJuris/src/backend/venv/lib/python3.14/site-packages/pip/_internal/req/req_file.py', reloading
 * Detected change in '/home/lucas/Documentos/projeto requisitos/REQ-2025.2-T02-ProJuris/src/backend/venv/lib/python3.14/site-packages/pip/_internal/req/req_install.py', reloading
 * Detected change in '/home/lucas/Documentos/projeto requisitos/REQ-2025.2-T02-ProJuris/src/backend/venv/lib/python3.14/site-packages/pip/_internal/req/req_set.py', reloading
 * Detected change in '/home/lucas/Documentos/projeto requisitos/REQ-2025.2-T02-ProJuris/src/backend/venv/lib/python3.14/site-packages/pip/_internal/req/req_uninstall.py', reloading
 * Detected change in '/home/lucas/Documentos/projeto requisitos/REQ-2025.2-T02-ProJuris/src/backend/venv/lib/python3.14/site-packages/pip/_internal/resolution/__init__.py', reloading
 * Detected change in '/home/lucas/Documentos/projeto requisitos/REQ-2025.2-T02-ProJuris/src/backend/venv/lib/python3.14/site-packages/pip/_internal/resolution/base.py', reloading
 * Detected change in '/home/lucas/Documentos/projeto requisitos/REQ-2025.2-T02-ProJuris/src/backend/venv/lib/python3.14/site-packages/pip/_internal/resolution/legacy/__init__.py', reloading
 * Detected change in '/home/lucas/Documentos/projeto requisitos/REQ-2025.2-T02-ProJuris/src/backend/venv/lib/python3.14/site-packages/pip/_internal/resolution/legacy/resolver.py', reloading
 * Detected change in '/home/lucas/Documentos/projeto requisitos/REQ-2025.2-T02-ProJuris/src/backend/venv/lib/python3.14/site-packages/pip/_internal/resolution/resolvelib/__init__.py', reloading
 * Detected change in '/home/lucas/Documentos/projeto requisitos/REQ-2025.2-T02-ProJuris/src/backend/venv/lib/python3.14/site-packages/pip/_internal/resolution/resolvelib/base.py', reloading
 * Detected change in '/home/lucas/Documentos/projeto requisitos/REQ-2025.2-T02-ProJuris/src/backend/venv/lib/python3.14/site-packages/pip/_internal/resolution/resolvelib/candidates.py', reloading
 * Detected change in '/home/lucas/Documentos/projeto requisitos/REQ-2025.2-T02-ProJuris/src/backend/venv/lib/python3.14/site-packages/pip/_internal/resolution/resolvelib/factory.py', reloading
 * Detected change in '/home/lucas/Documentos/projeto requisitos/REQ-2025.2-T02-ProJuris/src/backend/venv/lib/python3.14/site-packages/pip/_internal/resolution/resolvelib/found_candidates.py', reloading
 * Detected change in '/home/lucas/Documentos/projeto requisitos/REQ-2025.2-T02-ProJuris/src/backend/venv/lib/python3.14/site-packages/pip/_internal/resolution/resolvelib/provider.py', reloading
 * Detected change in '/home/lucas/Documentos/projeto requisitos/REQ-2025.2-T02-ProJuris/src/backend/venv/lib/python3.14/site-packages/pip/_internal/resolution/resolvelib/reporter.py', reloading
 * Detected change in '/home/lucas/Documentos/projeto requisitos/REQ-2025.2-T02-ProJuris/src/backend/venv/lib/python3.14/site-packages/pip/_internal/resolution/resolvelib/requirements.py', reloading
 * Detected change in '/home/lucas/Documentos/projeto requisitos/REQ-2025.2-T02-ProJuris/src/backend/venv/lib/python3.14/site-packages/pip/_internal/resolution/resolvelib/resolver.py', reloading
 * Detected change in '/home/lucas/Documentos/projeto requisitos/REQ-2025.2-T02-ProJuris/src/backend/venv/lib/python3.14/site-packages/pip/_internal/utils/__init__.py', reloading
 * Detected change in '/home/lucas/Documentos/projeto requisitos/REQ-2025.2-T02-ProJuris/src/backend/venv/lib/python3.14/site-packages/pip/_internal/utils/_jaraco_text.py', reloading
 * Detected change in '/home/lucas/Documentos/projeto requisitos/REQ-2025.2-T02-ProJuris/src/backend/venv/lib/python3.14/site-packages/pip/_internal/utils/_log.py', reloading
 * Detected change in '/home/lucas/Documentos/projeto requisitos/REQ-2025.2-T02-ProJuris/src/backend/venv/lib/python3.14/site-packages/pip/_internal/utils/appdirs.py', reloading
 * Detected change in '/home/lucas/Documentos/projeto requisitos/REQ-2025.2-T02-ProJuris/src/backend/venv/lib/python3.14/site-packages/pip/_internal/utils/compat.py', reloading
 * Detected change in '/home/lucas/Documentos/projeto requisitos/REQ-2025.2-T02-ProJuris/src/backend/venv/lib/python3.14/site-packages/pip/_internal/utils/compatibility_tags.py', reloading
 * Detected change in '/home/lucas/Documentos/projeto requisitos/REQ-2025.2-T02-ProJuris/src/backend/venv/lib/python3.14/site-packages/pip/_internal/utils/datetime.py', reloading
 * Detected change in '/home/lucas/Documentos/projeto requisitos/REQ-2025.2-T02-ProJuris/src/backend/venv/lib/python3.14/site-packages/pip/_internal/utils/deprecation.py', reloading
 * Detected change in '/home/lucas/Documentos/projeto requisitos/REQ-2025.2-T02-ProJuris/src/backend/venv/lib/python3.14/site-packages/pip/_internal/utils/direct_url_helpers.py', reloading
 * Detected change in '/home/lucas/Documentos/projeto requisitos/REQ-2025.2-T02-ProJuris/src/backend/venv/lib/python3.14/site-packages/pip/_internal/utils/egg_link.py', reloading
 * Detected change in '/home/lucas/Documentos/projeto requisitos/REQ-2025.2-T02-ProJuris/src/backend/venv/lib/python3.14/site-packages/pip/_internal/utils/entrypoints.py', reloading
 * Detected change in '/home/lucas/Documentos/projeto requisitos/REQ-2025.2-T02-ProJuris/src/backend/venv/lib/python3.14/site-packages/pip/_internal/utils/filesystem.py', reloading
 * Detected change in '/home/lucas/Documentos/projeto requisitos/REQ-2025.2-T02-ProJuris/src/backend/venv/lib/python3.14/site-packages/pip/_internal/utils/filetypes.py', reloading
 * Detected change in '/home/lucas/Documentos/projeto requisitos/REQ-2025.2-T02-ProJuris/src/backend/venv/lib/python3.14/site-packages/pip/_internal/utils/glibc.py', reloading
 * Detected change in '/home/lucas/Documentos/projeto requisitos/REQ-2025.2-T02-ProJuris/src/backend/venv/lib/python3.14/site-packages/pip/_internal/utils/hashes.py', reloading
 * Detected change in '/home/lucas/Documentos/projeto requisitos/REQ-2025.2-T02-ProJuris/src/backend/venv/lib/python3.14/site-packages/pip/_internal/utils/logging.py', reloading
 * Detected change in '/home/lucas/Documentos/projeto requisitos/REQ-2025.2-T02-ProJuris/src/backend/venv/lib/python3.14/site-packages/pip/_internal/utils/misc.py', reloading
 * Detected change in '/home/lucas/Documentos/projeto requisitos/REQ-2025.2-T02-ProJuris/src/backend/venv/lib/python3.14/site-packages/pip/_internal/utils/packaging.py', reloading
 * Detected change in '/home/lucas/Documentos/projeto requisitos/REQ-2025.2-T02-ProJuris/src/backend/venv/lib/python3.14/site-packages/pip/_internal/utils/retry.py', reloading
 * Detected change in '/home/lucas/Documentos/projeto requisitos/REQ-2025.2-T02-ProJuris/src/backend/venv/lib/python3.14/site-packages/pip/_internal/utils/setuptools_build.py', reloading
 * Detected change in '/home/lucas/Documentos/projeto requisitos/REQ-2025.2-T02-ProJuris/src/backend/venv/lib/python3.14/site-packages/pip/_internal/utils/subprocess.py', reloading
 * Detected change in '/home/lucas/Documentos/projeto requisitos/REQ-2025.2-T02-ProJuris/src/backend/venv/lib/python3.14/site-packages/pip/_internal/utils/temp_dir.py', reloading
 * Detected change in '/home/lucas/Documentos/projeto requisitos/REQ-2025.2-T02-ProJuris/src/backend/venv/lib/python3.14/site-packages/pip/_internal/utils/unpacking.py', reloading
 * Detected change in '/home/lucas/Documentos/projeto requisitos/REQ-2025.2-T02-ProJuris/src/backend/venv/lib/python3.14/site-packages/pip/_internal/utils/urls.py', reloading
 * Detected change in '/home/lucas/Documentos/projeto requisitos/REQ-2025.2-T02-ProJuris/src/backend/venv/lib/python3.14/site-packages/pip/_internal/utils/virtualenv.py', reloading
 * Detected change in '/home/lucas/Documentos/projeto requisitos/REQ-2025.2-T02-ProJuris/src/backend/venv/lib/python3.14/site-packages/pip/_internal/utils/wheel.py', reloading
 * Detected change in '/home/lucas/Documentos/projeto requisitos/REQ-2025.2-T02-ProJuris/src/backend/venv/lib/python3.14/site-packages/pip/_internal/vcs/__init__.py', reloading
 * Detected change in '/home/lucas/Documentos/projeto requisitos/REQ-2025.2-T02-ProJuris/src/backend/venv/lib/python3.14/site-packages/pip/_internal/vcs/bazaar.py', reloading
 * Detected change in '/home/lucas/Documentos/projeto requisitos/REQ-2025.2-T02-ProJuris/src/backend/venv/lib/python3.14/site-packages/pip/_internal/vcs/git.py', reloading
 * Detected change in '/home/lucas/Documentos/projeto requisitos/REQ-2025.2-T02-ProJuris/src/backend/venv/lib/python3.14/site-packages/pip/_internal/vcs/mercurial.py', reloading
 * Detected change in '/home/lucas/Documentos/projeto requisitos/REQ-2025.2-T02-ProJuris/src/backend/venv/lib/python3.14/site-packages/pip/_internal/vcs/subversion.py', reloading
 * Detected change in '/home/lucas/Documentos/projeto requisitos/REQ-2025.2-T02-ProJuris/src/backend/venv/lib/python3.14/site-packages/pip/_internal/vcs/versioncontrol.py', reloading
 * Detected change in '/home/lucas/Documentos/projeto requisitos/REQ-2025.2-T02-ProJuris/src/backend/venv/lib/python3.14/site-packages/pip/_vendor/__init__.py', reloading
 * Detected change in '/home/lucas/Documentos/projeto requisitos/REQ-2025.2-T02-ProJuris/src/backend/venv/lib/python3.14/site-packages/pip/_vendor/typing_extensions.py', reloading
 * Detected change in '/home/lucas/Documentos/projeto requisitos/REQ-2025.2-T02-ProJuris/src/backend/venv/lib/python3.14/site-packages/pip/_vendor/cachecontrol/__init__.py', reloading
 * Detected change in '/home/lucas/Documentos/projeto requisitos/REQ-2025.2-T02-ProJuris/src/backend/venv/lib/python3.14/site-packages/pip/_vendor/cachecontrol/_cmd.py', reloading
 * Detected change in '/home/lucas/Documentos/projeto requisitos/REQ-2025.2-T02-ProJuris/src/backend/venv/lib/python3.14/site-packages/pip/_vendor/cachecontrol/adapter.py', reloading
 * Detected change in '/home/lucas/Documentos/projeto requisitos/REQ-2025.2-T02-ProJuris/src/backend/venv/lib/python3.14/site-packages/pip/_vendor/cachecontrol/cache.py', reloading
 * Detected change in '/home/lucas/Documentos/projeto requisitos/REQ-2025.2-T02-ProJuris/src/backend/venv/lib/python3.14/site-packages/pip/_vendor/cachecontrol/controller.py', reloading
 * Detected change in '/home/lucas/Documentos/projeto requisitos/REQ-2025.2-T02-ProJuris/src/backend/venv/lib/python3.14/site-packages/pip/_vendor/cachecontrol/filewrapper.py', reloading
 * Detected change in '/home/lucas/Documentos/projeto requisitos/REQ-2025.2-T02-ProJuris/src/backend/venv/lib/python3.14/site-packages/pip/_vendor/cachecontrol/heuristics.py', reloading
 * Detected change in '/home/lucas/Documentos/projeto requisitos/REQ-2025.2-T02-ProJuris/src/backend/venv/lib/python3.14/site-packages/pip/_vendor/cachecontrol/serialize.py', reloading
 * Detected change in '/home/lucas/Documentos/projeto requisitos/REQ-2025.2-T02-ProJuris/src/backend/venv/lib/python3.14/site-packages/pip/_vendor/cachecontrol/wrapper.py', reloading
 * Detected change in '/home/lucas/Documentos/projeto requisitos/REQ-2025.2-T02-ProJuris/src/backend/venv/lib/python3.14/site-packages/pip/_vendor/cachecontrol/caches/__init__.py', reloading
 * Detected change in '/home/lucas/Documentos/projeto requisitos/REQ-2025.2-T02-ProJuris/src/backend/venv/lib/python3.14/site-packages/pip/_vendor/cachecontrol/caches/file_cache.py', reloading
 * Detected change in '/home/lucas/Documentos/projeto requisitos/REQ-2025.2-T02-ProJuris/src/backend/venv/lib/python3.14/site-packages/pip/_vendor/cachecontrol/caches/redis_cache.py', reloading
 * Detected change in '/home/lucas/Documentos/projeto requisitos/REQ-2025.2-T02-ProJuris/src/backend/venv/lib/python3.14/site-packages/pip/_vendor/certifi/__init__.py', reloading
 * Detected change in '/home/lucas/Documentos/projeto requisitos/REQ-2025.2-T02-ProJuris/src/backend/venv/lib/python3.14/site-packages/pip/_vendor/certifi/__main__.py', reloading
 * Detected change in '/home/lucas/Documentos/projeto requisitos/REQ-2025.2-T02-ProJuris/src/backend/venv/lib/python3.14/site-packages/pip/_vendor/certifi/core.py', reloading
 * Detected change in '/home/lucas/Documentos/projeto requisitos/REQ-2025.2-T02-ProJuris/src/backend/venv/lib/python3.14/site-packages/pip/_vendor/dependency_groups/__init__.py', reloading
 * Detected change in '/home/lucas/Documentos/projeto requisitos/REQ-2025.2-T02-ProJuris/src/backend/venv/lib/python3.14/site-packages/pip/_vendor/dependency_groups/__main__.py', reloading
 * Detected change in '/home/lucas/Documentos/projeto requisitos/REQ-2025.2-T02-ProJuris/src/backend/venv/lib/python3.14/site-packages/pip/_vendor/dependency_groups/_implementation.py', reloading
 * Detected change in '/home/lucas/Documentos/projeto requisitos/REQ-2025.2-T02-ProJuris/src/backend/venv/lib/python3.14/site-packages/pip/_vendor/dependency_groups/_lint_dependency_groups.py', reloading
 * Detected change in '/home/lucas/Documentos/projeto requisitos/REQ-2025.2-T02-ProJuris/src/backend/venv/lib/python3.14/site-packages/pip/_vendor/dependency_groups/_pip_wrapper.py', reloading
 * Detected change in '/home/lucas/Documentos/projeto requisitos/REQ-2025.2-T02-ProJuris/src/backend/venv/lib/python3.14/site-packages/pip/_vendor/dependency_groups/_toml_compat.py', reloading
 * Detected change in '/home/lucas/Documentos/projeto requisitos/REQ-2025.2-T02-ProJuris/src/backend/venv/lib/python3.14/site-packages/pip/_vendor/distlib/__init__.py', reloading
 * Detected change in '/home/lucas/Documentos/projeto requisitos/REQ-2025.2-T02-ProJuris/src/backend/venv/lib/python3.14/site-packages/pip/_vendor/distlib/compat.py', reloading
 * Detected change in '/home/lucas/Documentos/projeto requisitos/REQ-2025.2-T02-ProJuris/src/backend/venv/lib/python3.14/site-packages/pip/_vendor/distlib/database.py', reloading
 * Detected change in '/home/lucas/Documentos/projeto requisitos/REQ-2025.2-T02-ProJuris/src/backend/venv/lib/python3.14/site-packages/pip/_vendor/distlib/index.py', reloading
 * Detected change in '/home/lucas/Documentos/projeto requisitos/REQ-2025.2-T02-ProJuris/src/backend/venv/lib/python3.14/site-packages/pip/_vendor/distlib/locators.py', reloading
 * Detected change in '/home/lucas/Documentos/projeto requisitos/REQ-2025.2-T02-ProJuris/src/backend/venv/lib/python3.14/site-packages/pip/_vendor/distlib/manifest.py', reloading
 * Detected change in '/home/lucas/Documentos/projeto requisitos/REQ-2025.2-T02-ProJuris/src/backend/venv/lib/python3.14/site-packages/pip/_vendor/distlib/markers.py', reloading
 * Detected change in '/home/lucas/Documentos/projeto requisitos/REQ-2025.2-T02-ProJuris/src/backend/venv/lib/python3.14/site-packages/pip/_vendor/distlib/metadata.py', reloading
 * Detected change in '/home/lucas/Documentos/projeto requisitos/REQ-2025.2-T02-ProJuris/src/backend/venv/lib/python3.14/site-packages/pip/_vendor/distlib/resources.py', reloading
 * Detected change in '/home/lucas/Documentos/projeto requisitos/REQ-2025.2-T02-ProJuris/src/backend/venv/lib/python3.14/site-packages/pip/_vendor/distlib/scripts.py', reloading
 * Detected change in '/home/lucas/Documentos/projeto requisitos/REQ-2025.2-T02-ProJuris/src/backend/venv/lib/python3.14/site-packages/pip/_vendor/distlib/util.py', reloading
 * Detected change in '/home/lucas/Documentos/projeto requisitos/REQ-2025.2-T02-ProJuris/src/backend/venv/lib/python3.14/site-packages/pip/_vendor/distlib/version.py', reloading
 * Detected change in '/home/lucas/Documentos/projeto requisitos/REQ-2025.2-T02-ProJuris/src/backend/venv/lib/python3.14/site-packages/pip/_vendor/distlib/wheel.py', reloading
 * Detected change in '/home/lucas/Documentos/projeto requisitos/REQ-2025.2-T02-ProJuris/src/backend/venv/lib/python3.14/site-packages/pip/_vendor/distro/__init__.py', reloading
 * Detected change in '/home/lucas/Documentos/projeto requisitos/REQ-2025.2-T02-ProJuris/src/backend/venv/lib/python3.14/site-packages/pip/_vendor/distro/__main__.py', reloading
 * Detected change in '/home/lucas/Documentos/projeto requisitos/REQ-2025.2-T02-ProJuris/src/backend/venv/lib/python3.14/site-packages/pip/_vendor/distro/distro.py', reloading
 * Detected change in '/home/lucas/Documentos/projeto requisitos/REQ-2025.2-T02-ProJuris/src/backend/venv/lib/python3.14/site-packages/pip/_vendor/idna/__init__.py', reloading
 * Detected change in '/home/lucas/Documentos/projeto requisitos/REQ-2025.2-T02-ProJuris/src/backend/venv/lib/python3.14/site-packages/pip/_vendor/idna/codec.py', reloading
 * Detected change in '/home/lucas/Documentos/projeto requisitos/REQ-2025.2-T02-ProJuris/src/backend/venv/lib/python3.14/site-packages/pip/_vendor/idna/compat.py', reloading
 * Detected change in '/home/lucas/Documentos/projeto requisitos/REQ-2025.2-T02-ProJuris/src/backend/venv/lib/python3.14/site-packages/pip/_vendor/idna/core.py', reloading
 * Detected change in '/home/lucas/Documentos/projeto requisitos/REQ-2025.2-T02-ProJuris/src/backend/venv/lib/python3.14/site-packages/pip/_vendor/idna/idnadata.py', reloading
 * Detected change in '/home/lucas/Documentos/projeto requisitos/REQ-2025.2-T02-ProJuris/src/backend/venv/lib/python3.14/site-packages/pip/_vendor/idna/intranges.py', reloading
 * Detected change in '/home/lucas/Documentos/projeto requisitos/REQ-2025.2-T02-ProJuris/src/backend/venv/lib/python3.14/site-packages/pip/_vendor/idna/package_data.py', reloading
 * Detected change in '/home/lucas/Documentos/projeto requisitos/REQ-2025.2-T02-ProJuris/src/backend/venv/lib/python3.14/site-packages/pip/_vendor/idna/uts46data.py', reloading
 * Detected change in '/home/lucas/Documentos/projeto requisitos/REQ-2025.2-T02-ProJuris/src/backend/venv/lib/python3.14/site-packages/pip/_vendor/msgpack/__init__.py', reloading
 * Detected change in '/home/lucas/Documentos/projeto requisitos/REQ-2025.2-T02-ProJuris/src/backend/venv/lib/python3.14/site-packages/pip/_vendor/msgpack/exceptions.py', reloading
 * Detected change in '/home/lucas/Documentos/projeto requisitos/REQ-2025.2-T02-ProJuris/src/backend/venv/lib/python3.14/site-packages/pip/_vendor/msgpack/ext.py', reloading
 * Detected change in '/home/lucas/Documentos/projeto requisitos/REQ-2025.2-T02-ProJuris/src/backend/venv/lib/python3.14/site-packages/pip/_vendor/msgpack/fallback.py', reloading
 * Detected change in '/home/lucas/Documentos/projeto requisitos/REQ-2025.2-T02-ProJuris/src/backend/venv/lib/python3.14/site-packages/pip/_vendor/packaging/__init__.py', reloading
 * Detected change in '/home/lucas/Documentos/projeto requisitos/REQ-2025.2-T02-ProJuris/src/backend/venv/lib/python3.14/site-packages/pip/_vendor/packaging/_elffile.py', reloading
 * Detected change in '/home/lucas/Documentos/projeto requisitos/REQ-2025.2-T02-ProJuris/src/backend/venv/lib/python3.14/site-packages/pip/_vendor/packaging/_manylinux.py', reloading
 * Detected change in '/home/lucas/Documentos/projeto requisitos/REQ-2025.2-T02-ProJuris/src/backend/venv/lib/python3.14/site-packages/pip/_vendor/packaging/_musllinux.py', reloading
 * Detected change in '/home/lucas/Documentos/projeto requisitos/REQ-2025.2-T02-ProJuris/src/backend/venv/lib/python3.14/site-packages/pip/_vendor/packaging/_parser.py', reloading
 * Detected change in '/home/lucas/Documentos/projeto requisitos/REQ-2025.2-T02-ProJuris/src/backend/venv/lib/python3.14/site-packages/pip/_vendor/packaging/_structures.py', reloading
 * Detected change in '/home/lucas/Documentos/projeto requisitos/REQ-2025.2-T02-ProJuris/src/backend/venv/lib/python3.14/site-packages/pip/_vendor/packaging/_tokenizer.py', reloading
 * Detected change in '/home/lucas/Documentos/projeto requisitos/REQ-2025.2-T02-ProJuris/src/backend/venv/lib/python3.14/site-packages/pip/_vendor/packaging/markers.py', reloading
 * Detected change in '/home/lucas/Documentos/projeto requisitos/REQ-2025.2-T02-ProJuris/src/backend/venv/lib/python3.14/site-packages/pip/_vendor/packaging/metadata.py', reloading
 * Detected change in '/home/lucas/Documentos/projeto requisitos/REQ-2025.2-T02-ProJuris/src/backend/venv/lib/python3.14/site-packages/pip/_vendor/packaging/requirements.py', reloading
 * Detected change in '/home/lucas/Documentos/projeto requisitos/REQ-2025.2-T02-ProJuris/src/backend/venv/lib/python3.14/site-packages/pip/_vendor/packaging/specifiers.py', reloading
 * Detected change in '/home/lucas/Documentos/projeto requisitos/REQ-2025.2-T02-ProJuris/src/backend/venv/lib/python3.14/site-packages/pip/_vendor/packaging/tags.py', reloading
 * Detected change in '/home/lucas/Documentos/projeto requisitos/REQ-2025.2-T02-ProJuris/src/backend/venv/lib/python3.14/site-packages/pip/_vendor/packaging/utils.py', reloading
 * Detected change in '/home/lucas/Documentos/projeto requisitos/REQ-2025.2-T02-ProJuris/src/backend/venv/lib/python3.14/site-packages/pip/_vendor/packaging/version.py', reloading
 * Detected change in '/home/lucas/Documentos/projeto requisitos/REQ-2025.2-T02-ProJuris/src/backend/venv/lib/python3.14/site-packages/pip/_vendor/packaging/licenses/__init__.py', reloading
 * Detected change in '/home/lucas/Documentos/projeto requisitos/REQ-2025.2-T02-ProJuris/src/backend/venv/lib/python3.14/site-packages/pip/_vendor/packaging/licenses/_spdx.py', reloading
 * Detected change in '/home/lucas/Documentos/projeto requisitos/REQ-2025.2-T02-ProJuris/src/backend/venv/lib/python3.14/site-packages/pip/_vendor/pkg_resources/__init__.py', reloading
 * Detected change in '/home/lucas/Documentos/projeto requisitos/REQ-2025.2-T02-ProJuris/src/backend/venv/lib/python3.14/site-packages/pip/_vendor/platformdirs/__init__.py', reloading
 * Detected change in '/home/lucas/Documentos/projeto requisitos/REQ-2025.2-T02-ProJuris/src/backend/venv/lib/python3.14/site-packages/pip/_vendor/platformdirs/__main__.py', reloading
 * Detected change in '/home/lucas/Documentos/projeto requisitos/REQ-2025.2-T02-ProJuris/src/backend/venv/lib/python3.14/site-packages/pip/_vendor/platformdirs/android.py', reloading
 * Detected change in '/home/lucas/Documentos/projeto requisitos/REQ-2025.2-T02-ProJuris/src/backend/venv/lib/python3.14/site-packages/pip/_vendor/platformdirs/api.py', reloading
 * Detected change in '/home/lucas/Documentos/projeto requisitos/REQ-2025.2-T02-ProJuris/src/backend/venv/lib/python3.14/site-packages/pip/_vendor/platformdirs/macos.py', reloading
 * Detected change in '/home/lucas/Documentos/projeto requisitos/REQ-2025.2-T02-ProJuris/src/backend/venv/lib/python3.14/site-packages/pip/_vendor/platformdirs/unix.py', reloading
 * Detected change in '/home/lucas/Documentos/projeto requisitos/REQ-2025.2-T02-ProJuris/src/backend/venv/lib/python3.14/site-packages/pip/_vendor/platformdirs/version.py', reloading
 * Detected change in '/home/lucas/Documentos/projeto requisitos/REQ-2025.2-T02-ProJuris/src/backend/venv/lib/python3.14/site-packages/pip/_vendor/platformdirs/windows.py', reloading
 * Detected change in '/home/lucas/Documentos/projeto requisitos/REQ-2025.2-T02-ProJuris/src/backend/venv/lib/python3.14/site-packages/pip/_vendor/pygments/__init__.py', reloading
 * Detected change in '/home/lucas/Documentos/projeto requisitos/REQ-2025.2-T02-ProJuris/src/backend/venv/lib/python3.14/site-packages/pip/_vendor/pygments/__main__.py', reloading
 * Detected change in '/home/lucas/Documentos/projeto requisitos/REQ-2025.2-T02-ProJuris/src/backend/venv/lib/python3.14/site-packages/pip/_vendor/pygments/console.py', reloading
 * Detected change in '/home/lucas/Documentos/projeto requisitos/REQ-2025.2-T02-ProJuris/src/backend/venv/lib/python3.14/site-packages/pip/_vendor/pygments/filter.py', reloading
 * Detected change in '/home/lucas/Documentos/projeto requisitos/REQ-2025.2-T02-ProJuris/src/backend/venv/lib/python3.14/site-packages/pip/_vendor/pygments/formatter.py', reloading
 * Detected change in '/home/lucas/Documentos/projeto requisitos/REQ-2025.2-T02-ProJuris/src/backend/venv/lib/python3.14/site-packages/pip/_vendor/pygments/lexer.py', reloading
 * Detected change in '/home/lucas/Documentos/projeto requisitos/REQ-2025.2-T02-ProJuris/src/backend/venv/lib/python3.14/site-packages/pip/_vendor/pygments/modeline.py', reloading
 * Detected change in '/home/lucas/Documentos/projeto requisitos/REQ-2025.2-T02-ProJuris/src/backend/venv/lib/python3.14/site-packages/pip/_vendor/pygments/plugin.py', reloading
 * Detected change in '/home/lucas/Documentos/projeto requisitos/REQ-2025.2-T02-ProJuris/src/backend/venv/lib/python3.14/site-packages/pip/_vendor/pygments/regexopt.py', reloading
 * Detected change in '/home/lucas/Documentos/projeto requisitos/REQ-2025.2-T02-ProJuris/src/backend/venv/lib/python3.14/site-packages/pip/_vendor/pygments/scanner.py', reloading
 * Detected change in '/home/lucas/Documentos/projeto requisitos/REQ-2025.2-T02-ProJuris/src/backend/venv/lib/python3.14/site-packages/pip/_vendor/pygments/sphinxext.py', reloading
 * Detected change in '/home/lucas/Documentos/projeto requisitos/REQ-2025.2-T02-ProJuris/src/backend/venv/lib/python3.14/site-packages/pip/_vendor/pygments/style.py', reloading
 * Detected change in '/home/lucas/Documentos/projeto requisitos/REQ-2025.2-T02-ProJuris/src/backend/venv/lib/python3.14/site-packages/pip/_vendor/pygments/token.py', reloading
 * Detected change in '/home/lucas/Documentos/projeto requisitos/REQ-2025.2-T02-ProJuris/src/backend/venv/lib/python3.14/site-packages/pip/_vendor/pygments/unistring.py', reloading
 * Detected change in '/home/lucas/Documentos/projeto requisitos/REQ-2025.2-T02-ProJuris/src/backend/venv/lib/python3.14/site-packages/pip/_vendor/pygments/util.py', reloading
 * Detected change in '/home/lucas/Documentos/projeto requisitos/REQ-2025.2-T02-ProJuris/src/backend/venv/lib/python3.14/site-packages/pip/_vendor/pygments/filters/__init__.py', reloading
 * Detected change in '/home/lucas/Documentos/projeto requisitos/REQ-2025.2-T02-ProJuris/src/backend/venv/lib/python3.14/site-packages/pip/_vendor/pygments/formatters/__init__.py', reloading
 * Detected change in '/home/lucas/Documentos/projeto requisitos/REQ-2025.2-T02-ProJuris/src/backend/venv/lib/python3.14/site-packages/pip/_vendor/pygments/formatters/_mapping.py', reloading
 * Detected change in '/home/lucas/Documentos/projeto requisitos/REQ-2025.2-T02-ProJuris/src/backend/venv/lib/python3.14/site-packages/pip/_vendor/pygments/lexers/__init__.py', reloading
 * Detected change in '/home/lucas/Documentos/projeto requisitos/REQ-2025.2-T02-ProJuris/src/backend/venv/lib/python3.14/site-packages/pip/_vendor/pygments/lexers/_mapping.py', reloading
 * Detected change in '/home/lucas/Documentos/projeto requisitos/REQ-2025.2-T02-ProJuris/src/backend/venv/lib/python3.14/site-packages/pip/_vendor/pygments/lexers/python.py', reloading
 * Detected change in '/home/lucas/Documentos/projeto requisitos/REQ-2025.2-T02-ProJuris/src/backend/venv/lib/python3.14/site-packages/pip/_vendor/pygments/styles/__init__.py', reloading
 * Detected change in '/home/lucas/Documentos/projeto requisitos/REQ-2025.2-T02-ProJuris/src/backend/venv/lib/python3.14/site-packages/pip/_vendor/pygments/styles/_mapping.py', reloading
 * Detected change in '/home/lucas/Documentos/projeto requisitos/REQ-2025.2-T02-ProJuris/src/backend/venv/lib/python3.14/site-packages/pip/_vendor/pyproject_hooks/__init__.py', reloading
 * Detected change in '/home/lucas/Documentos/projeto requisitos/REQ-2025.2-T02-ProJuris/src/backend/venv/lib/python3.14/site-packages/pip/_vendor/pyproject_hooks/_impl.py', reloading
 * Detected change in '/home/lucas/Documentos/projeto requisitos/REQ-2025.2-T02-ProJuris/src/backend/venv/lib/python3.14/site-packages/pip/_vendor/pyproject_hooks/_in_process/__init__.py', reloading
 * Detected change in '/home/lucas/Documentos/projeto requisitos/REQ-2025.2-T02-ProJuris/src/backend/venv/lib/python3.14/site-packages/pip/_vendor/pyproject_hooks/_in_process/_in_process.py', reloading
 * Detected change in '/home/lucas/Documentos/projeto requisitos/REQ-2025.2-T02-ProJuris/src/backend/venv/lib/python3.14/site-packages/pip/_vendor/requests/__init__.py', reloading
 * Detected change in '/home/lucas/Documentos/projeto requisitos/REQ-2025.2-T02-ProJuris/src/backend/venv/lib/python3.14/site-packages/pip/_vendor/requests/__version__.py', reloading
 * Detected change in '/home/lucas/Documentos/projeto requisitos/REQ-2025.2-T02-ProJuris/src/backend/venv/lib/python3.14/site-packages/pip/_vendor/requests/_internal_utils.py', reloading
 * Detected change in '/home/lucas/Documentos/projeto requisitos/REQ-2025.2-T02-ProJuris/src/backend/venv/lib/python3.14/site-packages/pip/_vendor/requests/adapters.py', reloading
 * Detected change in '/home/lucas/Documentos/projeto requisitos/REQ-2025.2-T02-ProJuris/src/backend/venv/lib/python3.14/site-packages/pip/_vendor/requests/api.py', reloading
 * Detected change in '/home/lucas/Documentos/projeto requisitos/REQ-2025.2-T02-ProJuris/src/backend/venv/lib/python3.14/site-packages/pip/_vendor/requests/auth.py', reloading
 * Detected change in '/home/lucas/Documentos/projeto requisitos/REQ-2025.2-T02-ProJuris/src/backend/venv/lib/python3.14/site-packages/pip/_vendor/requests/certs.py', reloading
 * Detected change in '/home/lucas/Documentos/projeto requisitos/REQ-2025.2-T02-ProJuris/src/backend/venv/lib/python3.14/site-packages/pip/_vendor/requests/compat.py', reloading
 * Detected change in '/home/lucas/Documentos/projeto requisitos/REQ-2025.2-T02-ProJuris/src/backend/venv/lib/python3.14/site-packages/pip/_vendor/requests/cookies.py', reloading
 * Detected change in '/home/lucas/Documentos/projeto requisitos/REQ-2025.2-T02-ProJuris/src/backend/venv/lib/python3.14/site-packages/pip/_vendor/requests/exceptions.py', reloading
 * Detected change in '/home/lucas/Documentos/projeto requisitos/REQ-2025.2-T02-ProJuris/src/backend/venv/lib/python3.14/site-packages/pip/_vendor/requests/help.py', reloading
 * Detected change in '/home/lucas/Documentos/projeto requisitos/REQ-2025.2-T02-ProJuris/src/backend/venv/lib/python3.14/site-packages/pip/_vendor/requests/hooks.py', reloading
 * Detected change in '/home/lucas/Documentos/projeto requisitos/REQ-2025.2-T02-ProJuris/src/backend/venv/lib/python3.14/site-packages/pip/_vendor/requests/models.py', reloading
 * Detected change in '/home/lucas/Documentos/projeto requisitos/REQ-2025.2-T02-ProJuris/src/backend/venv/lib/python3.14/site-packages/pip/_vendor/requests/packages.py', reloading
 * Detected change in '/home/lucas/Documentos/projeto requisitos/REQ-2025.2-T02-ProJuris/src/backend/venv/lib/python3.14/site-packages/pip/_vendor/requests/sessions.py', reloading
 * Detected change in '/home/lucas/Documentos/projeto requisitos/REQ-2025.2-T02-ProJuris/src/backend/venv/lib/python3.14/site-packages/pip/_vendor/requests/status_codes.py', reloading
 * Detected change in '/home/lucas/Documentos/projeto requisitos/REQ-2025.2-T02-ProJuris/src/backend/venv/lib/python3.14/site-packages/pip/_vendor/requests/structures.py', reloading
 * Detected change in '/home/lucas/Documentos/projeto requisitos/REQ-2025.2-T02-ProJuris/src/backend/venv/lib/python3.14/site-packages/pip/_vendor/requests/models.py', reloading
 * Detected change in '/home/lucas/Documentos/projeto requisitos/REQ-2025.2-T02-ProJuris/src/backend/venv/lib/python3.14/site-packages/pip/_vendor/requests/models.py', reloading
 * Detected change in '/home/lucas/Documentos/projeto requisitos/REQ-2025.2-T02-ProJuris/src/backend/venv/lib/python3.14/site-packages/pip/_vendor/requests/packages.py', reloading
 * Detected change in '/home/lucas/Documentos/projeto requisitos/REQ-2025.2-T02-ProJuris/src/backend/venv/lib/python3.14/site-packages/pip/_vendor/requests/packages.py', reloading
 * Detected change in '/home/lucas/Documentos/projeto requisitos/REQ-2025.2-T02-ProJuris/src/backend/venv/lib/python3.14/site-packages/pip/_vendor/requests/packages.py', reloading
 * Detected change in '/home/lucas/Documentos/projeto requisitos/REQ-2025.2-T02-ProJuris/src/backend/venv/lib/python3.14/site-packages/pip/_vendor/requests/sessions.py', reloading
 * Detected change in '/home/lucas/Documentos/projeto requisitos/REQ-2025.2-T02-ProJuris/src/backend/venv/lib/python3.14/site-packages/pip/_vendor/requests/sessions.py', reloading
 * Detected change in '/home/lucas/Documentos/projeto requisitos/REQ-2025.2-T02-ProJuris/src/backend/venv/lib/python3.14/site-packages/pip/_vendor/requests/sessions.py', reloading
 * Detected change in '/home/lucas/Documentos/projeto requisitos/REQ-2025.2-T02-ProJuris/src/backend/venv/lib/python3.14/site-packages/pip/_vendor/requests/status_codes.py', reloading
 * Detected change in '/home/lucas/Documentos/projeto requisitos/REQ-2025.2-T02-ProJuris/src/backend/venv/lib/python3.14/site-packages/pip/_vendor/requests/status_codes.py', reloading
 * Detected change in '/home/lucas/Documentos/projeto requisitos/REQ-2025.2-T02-ProJuris/src/backend/venv/lib/python3.14/site-packages/pip/_vendor/requests/status_codes.py', reloading
 * Detected change in '/home/lucas/Documentos/projeto requisitos/REQ-2025.2-T02-ProJuris/src/backend/venv/lib/python3.14/site-packages/pip/_vendor/requests/structures.py', reloading
 * Detected change in '/home/lucas/Documentos/projeto requisitos/REQ-2025.2-T02-ProJuris/src/backend/venv/lib/python3.14/site-packages/pip/_vendor/requests/structures.py', reloading
 * Detected change in '/home/lucas/Documentos/projeto requisitos/REQ-2025.2-T02-ProJuris/src/backend/venv/lib/python3.14/site-packages/pip/_vendor/requests/structures.py', reloading
 * Detected change in '/home/lucas/Documentos/projeto requisitos/REQ-2025.2-T02-ProJuris/src/backend/venv/lib/python3.14/site-packages/pip/_vendor/requests/utils.py', reloading
 * Detected change in '/home/lucas/Documentos/projeto requisitos/REQ-2025.2-T02-ProJuris/src/backend/venv/lib/python3.14/site-packages/pip/_vendor/requests/utils.py', reloading
 * Detected change in '/home/lucas/Documentos/projeto requisitos/REQ-2025.2-T02-ProJuris/src/backend/venv/lib/python3.14/site-packages/pip/_vendor/requests/utils.py', reloading
 * Detected change in '/home/lucas/Documentos/projeto requisitos/REQ-2025.2-T02-ProJuris/src/backend/venv/lib/python3.14/site-packages/pip/_vendor/resolvelib/__init__.py', reloading
 * Detected change in '/home/lucas/Documentos/projeto requisitos/REQ-2025.2-T02-ProJuris/src/backend/venv/lib/python3.14/site-packages/pip/_vendor/resolvelib/providers.py', reloading
 * Detected change in '/home/lucas/Documentos/projeto requisitos/REQ-2025.2-T02-ProJuris/src/backend/venv/lib/python3.14/site-packages/pip/_vendor/resolvelib/reporters.py', reloading
 * Detected change in '/home/lucas/Documentos/projeto requisitos/REQ-2025.2-T02-ProJuris/src/backend/venv/lib/python3.14/site-packages/pip/_vendor/resolvelib/structs.py', reloading
 * Detected change in '/home/lucas/Documentos/projeto requisitos/REQ-2025.2-T02-ProJuris/src/backend/venv/lib/python3.14/site-packages/pip/_vendor/resolvelib/resolvers/__init__.py', reloading
 * Detected change in '/home/lucas/Documentos/projeto requisitos/REQ-2025.2-T02-ProJuris/src/backend/venv/lib/python3.14/site-packages/pip/_vendor/resolvelib/resolvers/abstract.py', reloading
 * Detected change in '/home/lucas/Documentos/projeto requisitos/REQ-2025.2-T02-ProJuris/src/backend/venv/lib/python3.14/site-packages/pip/_vendor/resolvelib/resolvers/criterion.py', reloading
 * Detected change in '/home/lucas/Documentos/projeto requisitos/REQ-2025.2-T02-ProJuris/src/backend/venv/lib/python3.14/site-packages/pip/_vendor/resolvelib/resolvers/exceptions.py', reloading
 * Detected change in '/home/lucas/Documentos/projeto requisitos/REQ-2025.2-T02-ProJuris/src/backend/venv/lib/python3.14/site-packages/pip/_vendor/resolvelib/resolvers/resolution.py', reloading
 * Detected change in '/home/lucas/Documentos/projeto requisitos/REQ-2025.2-T02-ProJuris/src/backend/venv/lib/python3.14/site-packages/pip/_vendor/rich/__init__.py', reloading
 * Detected change in '/home/lucas/Documentos/projeto requisitos/REQ-2025.2-T02-ProJuris/src/backend/venv/lib/python3.14/site-packages/pip/_vendor/rich/__main__.py', reloading
 * Detected change in '/home/lucas/Documentos/projeto requisitos/REQ-2025.2-T02-ProJuris/src/backend/venv/lib/python3.14/site-packages/pip/_vendor/rich/_cell_widths.py', reloading
 * Detected change in '/home/lucas/Documentos/projeto requisitos/REQ-2025.2-T02-ProJuris/src/backend/venv/lib/python3.14/site-packages/pip/_vendor/rich/_emoji_codes.py', reloading
 * Detected change in '/home/lucas/Documentos/projeto requisitos/REQ-2025.2-T02-ProJuris/src/backend/venv/lib/python3.14/site-packages/pip/_vendor/rich/_emoji_replace.py', reloading
 * Detected change in '/home/lucas/Documentos/projeto requisitos/REQ-2025.2-T02-ProJuris/src/backend/venv/lib/python3.14/site-packages/pip/_vendor/rich/_export_format.py', reloading
 * Detected change in '/home/lucas/Documentos/projeto requisitos/REQ-2025.2-T02-ProJuris/src/backend/venv/lib/python3.14/site-packages/pip/_vendor/rich/_extension.py', reloading
 * Detected change in '/home/lucas/Documentos/projeto requisitos/REQ-2025.2-T02-ProJuris/src/backend/venv/lib/python3.14/site-packages/pip/_vendor/rich/_fileno.py', reloading
 * Detected change in '/home/lucas/Documentos/projeto requisitos/REQ-2025.2-T02-ProJuris/src/backend/venv/lib/python3.14/site-packages/pip/_vendor/rich/_inspect.py', reloading
 * Detected change in '/home/lucas/Documentos/projeto requisitos/REQ-2025.2-T02-ProJuris/src/backend/venv/lib/python3.14/site-packages/pip/_vendor/rich/_log_render.py', reloading
 * Detected change in '/home/lucas/Documentos/projeto requisitos/REQ-2025.2-T02-ProJuris/src/backend/venv/lib/python3.14/site-packages/pip/_vendor/rich/_loop.py', reloading
 * Detected change in '/home/lucas/Documentos/projeto requisitos/REQ-2025.2-T02-ProJuris/src/backend/venv/lib/python3.14/site-packages/pip/_vendor/rich/_null_file.py', reloading
 * Detected change in '/home/lucas/Documentos/projeto requisitos/REQ-2025.2-T02-ProJuris/src/backend/venv/lib/python3.14/site-packages/pip/_vendor/rich/_palettes.py', reloading
 * Detected change in '/home/lucas/Documentos/projeto requisitos/REQ-2025.2-T02-ProJuris/src/backend/venv/lib/python3.14/site-packages/pip/_vendor/rich/_pick.py', reloading
 * Detected change in '/home/lucas/Documentos/projeto requisitos/REQ-2025.2-T02-ProJuris/src/backend/venv/lib/python3.14/site-packages/pip/_vendor/rich/_ratio.py', reloading
 * Detected change in '/home/lucas/Documentos/projeto requisitos/REQ-2025.2-T02-ProJuris/src/backend/venv/lib/python3.14/site-packages/pip/_vendor/rich/_spinners.py', reloading
 * Detected change in '/home/lucas/Documentos/projeto requisitos/REQ-2025.2-T02-ProJuris/src/backend/venv/lib/python3.14/site-packages/pip/_vendor/rich/_stack.py', reloading
 * Detected change in '/home/lucas/Documentos/projeto requisitos/REQ-2025.2-T02-ProJuris/src/backend/venv/lib/python3.14/site-packages/pip/_vendor/rich/_timer.py', reloading
 * Detected change in '/home/lucas/Documentos/projeto requisitos/REQ-2025.2-T02-ProJuris/src/backend/venv/lib/python3.14/site-packages/pip/_vendor/rich/_win32_console.py', reloading
 * Detected change in '/home/lucas/Documentos/projeto requisitos/REQ-2025.2-T02-ProJuris/src/backend/venv/lib/python3.14/site-packages/pip/_vendor/rich/_windows.py', reloading
 * Detected change in '/home/lucas/Documentos/projeto requisitos/REQ-2025.2-T02-ProJuris/src/backend/venv/lib/python3.14/site-packages/pip/_vendor/rich/_windows_renderer.py', reloading
 * Detected change in '/home/lucas/Documentos/projeto requisitos/REQ-2025.2-T02-ProJuris/src/backend/venv/lib/python3.14/site-packages/pip/_vendor/rich/_wrap.py', reloading
 * Detected change in '/home/lucas/Documentos/projeto requisitos/REQ-2025.2-T02-ProJuris/src/backend/venv/lib/python3.14/site-packages/pip/_vendor/rich/abc.py', reloading
 * Detected change in '/home/lucas/Documentos/projeto requisitos/REQ-2025.2-T02-ProJuris/src/backend/venv/lib/python3.14/site-packages/pip/_vendor/rich/align.py', reloading
 * Detected change in '/home/lucas/Documentos/projeto requisitos/REQ-2025.2-T02-ProJuris/src/backend/venv/lib/python3.14/site-packages/pip/_vendor/rich/ansi.py', reloading
 * Detected change in '/home/lucas/Documentos/projeto requisitos/REQ-2025.2-T02-ProJuris/src/backend/venv/lib/python3.14/site-packages/pip/_vendor/rich/bar.py', reloading
 * Detected change in '/home/lucas/Documentos/projeto requisitos/REQ-2025.2-T02-ProJuris/src/backend/venv/lib/python3.14/site-packages/pip/_vendor/rich/box.py', reloading
 * Detected change in '/home/lucas/Documentos/projeto requisitos/REQ-2025.2-T02-ProJuris/src/backend/venv/lib/python3.14/site-packages/pip/_vendor/rich/cells.py', reloading
 * Detected change in '/home/lucas/Documentos/projeto requisitos/REQ-2025.2-T02-ProJuris/src/backend/venv/lib/python3.14/site-packages/pip/_vendor/rich/color.py', reloading
 * Detected change in '/home/lucas/Documentos/projeto requisitos/REQ-2025.2-T02-ProJuris/src/backend/venv/lib/python3.14/site-packages/pip/_vendor/rich/color_triplet.py', reloading
 * Detected change in '/home/lucas/Documentos/projeto requisitos/REQ-2025.2-T02-ProJuris/src/backend/venv/lib/python3.14/site-packages/pip/_vendor/rich/columns.py', reloading
 * Detected change in '/home/lucas/Documentos/projeto requisitos/REQ-2025.2-T02-ProJuris/src/backend/venv/lib/python3.14/site-packages/pip/_vendor/rich/console.py', reloading
 * Detected change in '/home/lucas/Documentos/projeto requisitos/REQ-2025.2-T02-ProJuris/src/backend/venv/lib/python3.14/site-packages/pip/_vendor/rich/constrain.py', reloading
 * Detected change in '/home/lucas/Documentos/projeto requisitos/REQ-2025.2-T02-ProJuris/src/backend/venv/lib/python3.14/site-packages/pip/_vendor/rich/containers.py', reloading
 * Detected change in '/home/lucas/Documentos/projeto requisitos/REQ-2025.2-T02-ProJuris/src/backend/venv/lib/python3.14/site-packages/pip/_vendor/rich/control.py', reloading
 * Detected change in '/home/lucas/Documentos/projeto requisitos/REQ-2025.2-T02-ProJuris/src/backend/venv/lib/python3.14/site-packages/pip/_vendor/rich/default_styles.py', reloading
 * Detected change in '/home/lucas/Documentos/projeto requisitos/REQ-2025.2-T02-ProJuris/src/backend/venv/lib/python3.14/site-packages/pip/_vendor/rich/diagnose.py', reloading
 * Detected change in '/home/lucas/Documentos/projeto requisitos/REQ-2025.2-T02-ProJuris/src/backend/venv/lib/python3.14/site-packages/pip/_vendor/rich/emoji.py', reloading
 * Detected change in '/home/lucas/Documentos/projeto requisitos/REQ-2025.2-T02-ProJuris/src/backend/venv/lib/python3.14/site-packages/pip/_vendor/rich/errors.py', reloading
 * Detected change in '/home/lucas/Documentos/projeto requisitos/REQ-2025.2-T02-ProJuris/src/backend/venv/lib/python3.14/site-packages/pip/_vendor/rich/file_proxy.py', reloading
 * Detected change in '/home/lucas/Documentos/projeto requisitos/REQ-2025.2-T02-ProJuris/src/backend/venv/lib/python3.14/site-packages/pip/_vendor/rich/filesize.py', reloading
 * Detected change in '/home/lucas/Documentos/projeto requisitos/REQ-2025.2-T02-ProJuris/src/backend/venv/lib/python3.14/site-packages/pip/_vendor/rich/highlighter.py', reloading
 * Detected change in '/home/lucas/Documentos/projeto requisitos/REQ-2025.2-T02-ProJuris/src/backend/venv/lib/python3.14/site-packages/pip/_vendor/rich/json.py', reloading
 * Detected change in '/home/lucas/Documentos/projeto requisitos/REQ-2025.2-T02-ProJuris/src/backend/venv/lib/python3.14/site-packages/pip/_vendor/rich/jupyter.py', reloading
 * Detected change in '/home/lucas/Documentos/projeto requisitos/REQ-2025.2-T02-ProJuris/src/backend/venv/lib/python3.14/site-packages/pip/_vendor/rich/layout.py', reloading
 * Detected change in '/home/lucas/Documentos/projeto requisitos/REQ-2025.2-T02-ProJuris/src/backend/venv/lib/python3.14/site-packages/pip/_vendor/rich/live.py', reloading
 * Detected change in '/home/lucas/Documentos/projeto requisitos/REQ-2025.2-T02-ProJuris/src/backend/venv/lib/python3.14/site-packages/pip/_vendor/rich/live_render.py', reloading
 * Detected change in '/home/lucas/Documentos/projeto requisitos/REQ-2025.2-T02-ProJuris/src/backend/venv/lib/python3.14/site-packages/pip/_vendor/rich/logging.py', reloading
 * Detected change in '/home/lucas/Documentos/projeto requisitos/REQ-2025.2-T02-ProJuris/src/backend/venv/lib/python3.14/site-packages/pip/_vendor/rich/markup.py', reloading
 * Detected change in '/home/lucas/Documentos/projeto requisitos/REQ-2025.2-T02-ProJuris/src/backend/venv/lib/python3.14/site-packages/pip/_vendor/rich/live.py', reloading
 * Detected change in '/home/lucas/Documentos/projeto requisitos/REQ-2025.2-T02-ProJuris/src/backend/venv/lib/python3.14/site-packages/pip/_vendor/rich/live.py', reloading
 * Detected change in '/home/lucas/Documentos/projeto requisitos/REQ-2025.2-T02-ProJuris/src/backend/venv/lib/python3.14/site-packages/pip/_vendor/rich/live_render.py', reloading
 * Detected change in '/home/lucas/Documentos/projeto requisitos/REQ-2025.2-T02-ProJuris/src/backend/venv/lib/python3.14/site-packages/pip/_vendor/rich/live_render.py', reloading
 * Detected change in '/home/lucas/Documentos/projeto requisitos/REQ-2025.2-T02-ProJuris/src/backend/venv/lib/python3.14/site-packages/pip/_vendor/rich/live_render.py', reloading
 * Detected change in '/home/lucas/Documentos/projeto requisitos/REQ-2025.2-T02-ProJuris/src/backend/venv/lib/python3.14/site-packages/pip/_vendor/rich/logging.py', reloading
 * Detected change in '/home/lucas/Documentos/projeto requisitos/REQ-2025.2-T02-ProJuris/src/backend/venv/lib/python3.14/site-packages/pip/_vendor/rich/logging.py', reloading
 * Detected change in '/home/lucas/Documentos/projeto requisitos/REQ-2025.2-T02-ProJuris/src/backend/venv/lib/python3.14/site-packages/pip/_vendor/rich/logging.py', reloading
 * Detected change in '/home/lucas/Documentos/projeto requisitos/REQ-2025.2-T02-ProJuris/src/backend/venv/lib/python3.14/site-packages/pip/_vendor/rich/markup.py', reloading
 * Detected change in '/home/lucas/Documentos/projeto requisitos/REQ-2025.2-T02-ProJuris/src/backend/venv/lib/python3.14/site-packages/pip/_vendor/rich/markup.py', reloading
 * Detected change in '/home/lucas/Documentos/projeto requisitos/REQ-2025.2-T02-ProJuris/src/backend/venv/lib/python3.14/site-packages/pip/_vendor/rich/markup.py', reloading
 * Detected change in '/home/lucas/Documentos/projeto requisitos/REQ-2025.2-T02-ProJuris/src/backend/venv/lib/python3.14/site-packages/pip/_vendor/rich/measure.py', reloading
 * Detected change in '/home/lucas/Documentos/projeto requisitos/REQ-2025.2-T02-ProJuris/src/backend/venv/lib/python3.14/site-packages/pip/_vendor/rich/measure.py', reloading
 * Detected change in '/home/lucas/Documentos/projeto requisitos/REQ-2025.2-T02-ProJuris/src/backend/venv/lib/python3.14/site-packages/pip/_vendor/rich/measure.py', reloading
 * Detected change in '/home/lucas/Documentos/projeto requisitos/REQ-2025.2-T02-ProJuris/src/backend/venv/lib/python3.14/site-packages/pip/_vendor/rich/padding.py', reloading
 * Detected change in '/home/lucas/Documentos/projeto requisitos/REQ-2025.2-T02-ProJuris/src/backend/venv/lib/python3.14/site-packages/pip/_vendor/rich/padding.py', reloading
 * Detected change in '/home/lucas/Documentos/projeto requisitos/REQ-2025.2-T02-ProJuris/src/backend/venv/lib/python3.14/site-packages/pip/_vendor/rich/padding.py', reloading
 * Detected change in '/home/lucas/Documentos/projeto requisitos/REQ-2025.2-T02-ProJuris/src/backend/venv/lib/python3.14/site-packages/pip/_vendor/rich/pager.py', reloading
 * Detected change in '/home/lucas/Documentos/projeto requisitos/REQ-2025.2-T02-ProJuris/src/backend/venv/lib/python3.14/site-packages/pip/_vendor/rich/pager.py', reloading
 * Detected change in '/home/lucas/Documentos/projeto requisitos/REQ-2025.2-T02-ProJuris/src/backend/venv/lib/python3.14/site-packages/pip/_vendor/rich/pager.py', reloading
 * Detected change in '/home/lucas/Documentos/projeto requisitos/REQ-2025.2-T02-ProJuris/src/backend/venv/lib/python3.14/site-packages/pip/_vendor/rich/palette.py', reloading
 * Detected change in '/home/lucas/Documentos/projeto requisitos/REQ-2025.2-T02-ProJuris/src/backend/venv/lib/python3.14/site-packages/pip/_vendor/rich/palette.py', reloading
 * Detected change in '/home/lucas/Documentos/projeto requisitos/REQ-2025.2-T02-ProJuris/src/backend/venv/lib/python3.14/site-packages/pip/_vendor/rich/palette.py', reloading
 * Detected change in '/home/lucas/Documentos/projeto requisitos/REQ-2025.2-T02-ProJuris/src/backend/venv/lib/python3.14/site-packages/pip/_vendor/rich/panel.py', reloading
 * Detected change in '/home/lucas/Documentos/projeto requisitos/REQ-2025.2-T02-ProJuris/src/backend/venv/lib/python3.14/site-packages/pip/_vendor/rich/panel.py', reloading
 * Detected change in '/home/lucas/Documentos/projeto requisitos/REQ-2025.2-T02-ProJuris/src/backend/venv/lib/python3.14/site-packages/pip/_vendor/rich/panel.py', reloading
 * Detected change in '/home/lucas/Documentos/projeto requisitos/REQ-2025.2-T02-ProJuris/src/backend/venv/lib/python3.14/site-packages/pip/_vendor/rich/pretty.py', reloading
 * Detected change in '/home/lucas/Documentos/projeto requisitos/REQ-2025.2-T02-ProJuris/src/backend/venv/lib/python3.14/site-packages/pip/_vendor/rich/pretty.py', reloading
 * Detected change in '/home/lucas/Documentos/projeto requisitos/REQ-2025.2-T02-ProJuris/src/backend/venv/lib/python3.14/site-packages/pip/_vendor/rich/pretty.py', reloading
 * Detected change in '/home/lucas/Documentos/projeto requisitos/REQ-2025.2-T02-ProJuris/src/backend/venv/lib/python3.14/site-packages/pip/_vendor/rich/progress.py', reloading
 * Detected change in '/home/lucas/Documentos/projeto requisitos/REQ-2025.2-T02-ProJuris/src/backend/venv/lib/python3.14/site-packages/pip/_vendor/rich/progress.py', reloading
 * Detected change in '/home/lucas/Documentos/projeto requisitos/REQ-2025.2-T02-ProJuris/src/backend/venv/lib/python3.14/site-packages/pip/_vendor/rich/progress.py', reloading
 * Detected change in '/home/lucas/Documentos/projeto requisitos/REQ-2025.2-T02-ProJuris/src/backend/venv/lib/python3.14/site-packages/pip/_vendor/rich/progress_bar.py', reloading
 * Detected change in '/home/lucas/Documentos/projeto requisitos/REQ-2025.2-T02-ProJuris/src/backend/venv/lib/python3.14/site-packages/pip/_vendor/rich/progress_bar.py', reloading
 * Detected change in '/home/lucas/Documentos/projeto requisitos/REQ-2025.2-T02-ProJuris/src/backend/venv/lib/python3.14/site-packages/pip/_vendor/rich/progress_bar.py', reloading
 * Detected change in '/home/lucas/Documentos/projeto requisitos/REQ-2025.2-T02-ProJuris/src/backend/venv/lib/python3.14/site-packages/pip/_vendor/rich/prompt.py', reloading
 * Detected change in '/home/lucas/Documentos/projeto requisitos/REQ-2025.2-T02-ProJuris/src/backend/venv/lib/python3.14/site-packages/pip/_vendor/rich/prompt.py', reloading
 * Detected change in '/home/lucas/Documentos/projeto requisitos/REQ-2025.2-T02-ProJuris/src/backend/venv/lib/python3.14/site-packages/pip/_vendor/rich/prompt.py', reloading
 * Detected change in '/home/lucas/Documentos/projeto requisitos/REQ-2025.2-T02-ProJuris/src/backend/venv/lib/python3.14/site-packages/pip/_vendor/rich/protocol.py', reloading
 * Detected change in '/home/lucas/Documentos/projeto requisitos/REQ-2025.2-T02-ProJuris/src/backend/venv/lib/python3.14/site-packages/pip/_vendor/rich/protocol.py', reloading
 * Detected change in '/home/lucas/Documentos/projeto requisitos/REQ-2025.2-T02-ProJuris/src/backend/venv/lib/python3.14/site-packages/pip/_vendor/rich/protocol.py', reloading
 * Detected change in '/home/lucas/Documentos/projeto requisitos/REQ-2025.2-T02-ProJuris/src/backend/venv/lib/python3.14/site-packages/pip/_vendor/rich/region.py', reloading
 * Detected change in '/home/lucas/Documentos/projeto requisitos/REQ-2025.2-T02-ProJuris/src/backend/venv/lib/python3.14/site-packages/pip/_vendor/rich/region.py', reloading
 * Detected change in '/home/lucas/Documentos/projeto requisitos/REQ-2025.2-T02-ProJuris/src/backend/venv/lib/python3.14/site-packages/pip/_vendor/rich/region.py', reloading
 * Detected change in '/home/lucas/Documentos/projeto requisitos/REQ-2025.2-T02-ProJuris/src/backend/venv/lib/python3.14/site-packages/pip/_vendor/rich/repr.py', reloading
 * Detected change in '/home/lucas/Documentos/projeto requisitos/REQ-2025.2-T02-ProJuris/src/backend/venv/lib/python3.14/site-packages/pip/_vendor/rich/repr.py', reloading
 * Detected change in '/home/lucas/Documentos/projeto requisitos/REQ-2025.2-T02-ProJuris/src/backend/venv/lib/python3.14/site-packages/pip/_vendor/rich/repr.py', reloading
 * Detected change in '/home/lucas/Documentos/projeto requisitos/REQ-2025.2-T02-ProJuris/src/backend/venv/lib/python3.14/site-packages/pip/_vendor/rich/rule.py', reloading
 * Detected change in '/home/lucas/Documentos/projeto requisitos/REQ-2025.2-T02-ProJuris/src/backend/venv/lib/python3.14/site-packages/pip/_vendor/rich/rule.py', reloading
 * Detected change in '/home/lucas/Documentos/projeto requisitos/REQ-2025.2-T02-ProJuris/src/backend/venv/lib/python3.14/site-packages/pip/_vendor/rich/rule.py', reloading
 * Detected change in '/home/lucas/Documentos/projeto requisitos/REQ-2025.2-T02-ProJuris/src/backend/venv/lib/python3.14/site-packages/pip/_vendor/rich/scope.py', reloading
 * Detected change in '/home/lucas/Documentos/projeto requisitos/REQ-2025.2-T02-ProJuris/src/backend/venv/lib/python3.14/site-packages/pip/_vendor/rich/scope.py', reloading
 * Detected change in '/home/lucas/Documentos/projeto requisitos/REQ-2025.2-T02-ProJuris/src/backend/venv/lib/python3.14/site-packages/pip/_vendor/rich/scope.py', reloading
 * Detected change in '/home/lucas/Documentos/projeto requisitos/REQ-2025.2-T02-ProJuris/src/backend/venv/lib/python3.14/site-packages/pip/_vendor/rich/screen.py', reloading
 * Detected change in '/home/lucas/Documentos/projeto requisitos/REQ-2025.2-T02-ProJuris/src/backend/venv/lib/python3.14/site-packages/pip/_vendor/rich/screen.py', reloading
 * Detected change in '/home/lucas/Documentos/projeto requisitos/REQ-2025.2-T02-ProJuris/src/backend/venv/lib/python3.14/site-packages/pip/_vendor/rich/screen.py', reloading
 * Detected change in '/home/lucas/Documentos/projeto requisitos/REQ-2025.2-T02-ProJuris/src/backend/venv/lib/python3.14/site-packages/pip/_vendor/rich/segment.py', reloading
 * Detected change in '/home/lucas/Documentos/projeto requisitos/REQ-2025.2-T02-ProJuris/src/backend/venv/lib/python3.14/site-packages/pip/_vendor/rich/segment.py', reloading
 * Detected change in '/home/lucas/Documentos/projeto requisitos/REQ-2025.2-T02-ProJuris/src/backend/venv/lib/python3.14/site-packages/pip/_vendor/rich/segment.py', reloading
 * Detected change in '/home/lucas/Documentos/projeto requisitos/REQ-2025.2-T02-ProJuris/src/backend/venv/lib/python3.14/site-packages/pip/_vendor/rich/spinner.py', reloading
 * Detected change in '/home/lucas/Documentos/projeto requisitos/REQ-2025.2-T02-ProJuris/src/backend/venv/lib/python3.14/site-packages/pip/_vendor/rich/spinner.py', reloading
 * Detected change in '/home/lucas/Documentos/projeto requisitos/REQ-2025.2-T02-ProJuris/src/backend/venv/lib/python3.14/site-packages/pip/_vendor/rich/spinner.py', reloading
 * Detected change in '/home/lucas/Documentos/projeto requisitos/REQ-2025.2-T02-ProJuris/src/backend/venv/lib/python3.14/site-packages/pip/_vendor/rich/status.py', reloading
 * Detected change in '/home/lucas/Documentos/projeto requisitos/REQ-2025.2-T02-ProJuris/src/backend/venv/lib/python3.14/site-packages/pip/_vendor/rich/status.py', reloading
 * Detected change in '/home/lucas/Documentos/projeto requisitos/REQ-2025.2-T02-ProJuris/src/backend/venv/lib/python3.14/site-packages/pip/_vendor/rich/status.py', reloading
 * Detected change in '/home/lucas/Documentos/projeto requisitos/REQ-2025.2-T02-ProJuris/src/backend/venv/lib/python3.14/site-packages/pip/_vendor/rich/style.py', reloading
 * Detected change in '/home/lucas/Documentos/projeto requisitos/REQ-2025.2-T02-ProJuris/src/backend/venv/lib/python3.14/site-packages/pip/_vendor/rich/style.py', reloading
 * Detected change in '/home/lucas/Documentos/projeto requisitos/REQ-2025.2-T02-ProJuris/src/backend/venv/lib/python3.14/site-packages/pip/_vendor/rich/style.py', reloading
 * Detected change in '/home/lucas/Documentos/projeto requisitos/REQ-2025.2-T02-ProJuris/src/backend/venv/lib/python3.14/site-packages/pip/_vendor/rich/styled.py', reloading
 * Detected change in '/home/lucas/Documentos/projeto requisitos/REQ-2025.2-T02-ProJuris/src/backend/venv/lib/python3.14/site-packages/pip/_vendor/rich/styled.py', reloading
 * Detected change in '/home/lucas/Documentos/projeto requisitos/REQ-2025.2-T02-ProJuris/src/backend/venv/lib/python3.14/site-packages/pip/_vendor/rich/styled.py', reloading
 * Detected change in '/home/lucas/Documentos/projeto requisitos/REQ-2025.2-T02-ProJuris/src/backend/venv/lib/python3.14/site-packages/pip/_vendor/rich/syntax.py', reloading
 * Detected change in '/home/lucas/Documentos/projeto requisitos/REQ-2025.2-T02-ProJuris/src/backend/venv/lib/python3.14/site-packages/pip/_vendor/rich/syntax.py', reloading
 * Detected change in '/home/lucas/Documentos/projeto requisitos/REQ-2025.2-T02-ProJuris/src/backend/venv/lib/python3.14/site-packages/pip/_vendor/rich/syntax.py', reloading
 * Detected change in '/home/lucas/Documentos/projeto requisitos/REQ-2025.2-T02-ProJuris/src/backend/venv/lib/python3.14/site-packages/pip/_vendor/rich/table.py', reloading
 * Detected change in '/home/lucas/Documentos/projeto requisitos/REQ-2025.2-T02-ProJuris/src/backend/venv/lib/python3.14/site-packages/pip/_vendor/rich/table.py', reloading
 * Detected change in '/home/lucas/Documentos/projeto requisitos/REQ-2025.2-T02-ProJuris/src/backend/venv/lib/python3.14/site-packages/pip/_vendor/rich/table.py', reloading
 * Detected change in '/home/lucas/Documentos/projeto requisitos/REQ-2025.2-T02-ProJuris/src/backend/venv/lib/python3.14/site-packages/pip/_vendor/rich/terminal_theme.py', reloading
 * Detected change in '/home/lucas/Documentos/projeto requisitos/REQ-2025.2-T02-ProJuris/src/backend/venv/lib/python3.14/site-packages/pip/_vendor/rich/terminal_theme.py', reloading
 * Detected change in '/home/lucas/Documentos/projeto requisitos/REQ-2025.2-T02-ProJuris/src/backend/venv/lib/python3.14/site-packages/pip/_vendor/rich/terminal_theme.py', reloading
 * Detected change in '/home/lucas/Documentos/projeto requisitos/REQ-2025.2-T02-ProJuris/src/backend/venv/lib/python3.14/site-packages/pip/_vendor/rich/text.py', reloading
 * Detected change in '/home/lucas/Documentos/projeto requisitos/REQ-2025.2-T02-ProJuris/src/backend/venv/lib/python3.14/site-packages/pip/_vendor/rich/text.py', reloading
 * Detected change in '/home/lucas/Documentos/projeto requisitos/REQ-2025.2-T02-ProJuris/src/backend/venv/lib/python3.14/site-packages/pip/_vendor/rich/text.py', reloading
 * Detected change in '/home/lucas/Documentos/projeto requisitos/REQ-2025.2-T02-ProJuris/src/backend/venv/lib/python3.14/site-packages/pip/_vendor/rich/theme.py', reloading
 * Detected change in '/home/lucas/Documentos/projeto requisitos/REQ-2025.2-T02-ProJuris/src/backend/venv/lib/python3.14/site-packages/pip/_vendor/rich/theme.py', reloading
 * Detected change in '/home/lucas/Documentos/projeto requisitos/REQ-2025.2-T02-ProJuris/src/backend/venv/lib/python3.14/site-packages/pip/_vendor/rich/theme.py', reloading
 * Detected change in '/home/lucas/Documentos/projeto requisitos/REQ-2025.2-T02-ProJuris/src/backend/venv/lib/python3.14/site-packages/pip/_vendor/rich/themes.py', reloading
 * Detected change in '/home/lucas/Documentos/projeto requisitos/REQ-2025.2-T02-ProJuris/src/backend/venv/lib/python3.14/site-packages/pip/_vendor/rich/themes.py', reloading
 * Detected change in '/home/lucas/Documentos/projeto requisitos/REQ-2025.2-T02-ProJuris/src/backend/venv/lib/python3.14/site-packages/pip/_vendor/rich/themes.py', reloading
 * Detected change in '/home/lucas/Documentos/projeto requisitos/REQ-2025.2-T02-ProJuris/src/backend/venv/lib/python3.14/site-packages/pip/_vendor/rich/traceback.py', reloading
 * Detected change in '/home/lucas/Documentos/projeto requisitos/REQ-2025.2-T02-ProJuris/src/backend/venv/lib/python3.14/site-packages/pip/_vendor/rich/traceback.py', reloading
 * Detected change in '/home/lucas/Documentos/projeto requisitos/REQ-2025.2-T02-ProJuris/src/backend/venv/lib/python3.14/site-packages/pip/_vendor/rich/traceback.py', reloading
 * Detected change in '/home/lucas/Documentos/projeto requisitos/REQ-2025.2-T02-ProJuris/src/backend/venv/lib/python3.14/site-packages/pip/_vendor/rich/tree.py', reloading
 * Detected change in '/home/lucas/Documentos/projeto requisitos/REQ-2025.2-T02-ProJuris/src/backend/venv/lib/python3.14/site-packages/pip/_vendor/rich/tree.py', reloading
 * Detected change in '/home/lucas/Documentos/projeto requisitos/REQ-2025.2-T02-ProJuris/src/backend/venv/lib/python3.14/site-packages/pip/_vendor/rich/tree.py', reloading
 * Detected change in '/home/lucas/Documentos/projeto requisitos/REQ-2025.2-T02-ProJuris/src/backend/venv/lib/python3.14/site-packages/pip/_vendor/tomli/__init__.py', reloading
 * Detected change in '/home/lucas/Documentos/projeto requisitos/REQ-2025.2-T02-ProJuris/src/backend/venv/lib/python3.14/site-packages/pip/_vendor/tomli/_parser.py', reloading
 * Detected change in '/home/lucas/Documentos/projeto requisitos/REQ-2025.2-T02-ProJuris/src/backend/venv/lib/python3.14/site-packages/pip/_vendor/tomli/_re.py', reloading
 * Detected change in '/home/lucas/Documentos/projeto requisitos/REQ-2025.2-T02-ProJuris/src/backend/venv/lib/python3.14/site-packages/pip/_vendor/tomli/_types.py', reloading
 * Detected change in '/home/lucas/Documentos/projeto requisitos/REQ-2025.2-T02-ProJuris/src/backend/venv/lib/python3.14/site-packages/pip/_vendor/tomli/_types.py', reloading
 * Detected change in '/home/lucas/Documentos/projeto requisitos/REQ-2025.2-T02-ProJuris/src/backend/venv/lib/python3.14/site-packages/pip/_vendor/tomli/_types.py', reloading
 * Detected change in '/home/lucas/Documentos/projeto requisitos/REQ-2025.2-T02-ProJuris/src/backend/venv/lib/python3.14/site-packages/pip/_vendor/tomli_w/__init__.py', reloading
 * Detected change in '/home/lucas/Documentos/projeto requisitos/REQ-2025.2-T02-ProJuris/src/backend/venv/lib/python3.14/site-packages/pip/_vendor/tomli_w/_writer.py', reloading
 * Detected change in '/home/lucas/Documentos/projeto requisitos/REQ-2025.2-T02-ProJuris/src/backend/venv/lib/python3.14/site-packages/pip/_vendor/truststore/__init__.py', reloading
 * Detected change in '/home/lucas/Documentos/projeto requisitos/REQ-2025.2-T02-ProJuris/src/backend/venv/lib/python3.14/site-packages/pip/_vendor/truststore/_api.py', reloading
 * Detected change in '/home/lucas/Documentos/projeto requisitos/REQ-2025.2-T02-ProJuris/src/backend/venv/lib/python3.14/site-packages/pip/_vendor/truststore/_macos.py', reloading
 * Detected change in '/home/lucas/Documentos/projeto requisitos/REQ-2025.2-T02-ProJuris/src/backend/venv/lib/python3.14/site-packages/pip/_vendor/truststore/_openssl.py', reloading
 * Detected change in '/home/lucas/Documentos/projeto requisitos/REQ-2025.2-T02-ProJuris/src/backend/venv/lib/python3.14/site-packages/pip/_vendor/truststore/_ssl_constants.py', reloading
 * Detected change in '/home/lucas/Documentos/projeto requisitos/REQ-2025.2-T02-ProJuris/src/backend/venv/lib/python3.14/site-packages/pip/_vendor/truststore/_windows.py', reloading
 * Detected change in '/home/lucas/Documentos/projeto requisitos/REQ-2025.2-T02-ProJuris/src/backend/venv/lib/python3.14/site-packages/pip/_vendor/urllib3/__init__.py', reloading
 * Detected change in '/home/lucas/Documentos/projeto requisitos/REQ-2025.2-T02-ProJuris/src/backend/venv/lib/python3.14/site-packages/pip/_vendor/urllib3/_collections.py', reloading
 * Detected change in '/home/lucas/Documentos/projeto requisitos/REQ-2025.2-T02-ProJuris/src/backend/venv/lib/python3.14/site-packages/pip/_vendor/urllib3/_version.py', reloading
 * Detected change in '/home/lucas/Documentos/projeto requisitos/REQ-2025.2-T02-ProJuris/src/backend/venv/lib/python3.14/site-packages/pip/_vendor/urllib3/connection.py', reloading
 * Detected change in '/home/lucas/Documentos/projeto requisitos/REQ-2025.2-T02-ProJuris/src/backend/venv/lib/python3.14/site-packages/pip/_vendor/urllib3/connectionpool.py', reloading
 * Detected change in '/home/lucas/Documentos/projeto requisitos/REQ-2025.2-T02-ProJuris/src/backend/venv/lib/python3.14/site-packages/pip/_vendor/urllib3/exceptions.py', reloading
 * Detected change in '/home/lucas/Documentos/projeto requisitos/REQ-2025.2-T02-ProJuris/src/backend/venv/lib/python3.14/site-packages/pip/_vendor/urllib3/fields.py', reloading
 * Detected change in '/home/lucas/Documentos/projeto requisitos/REQ-2025.2-T02-ProJuris/src/backend/venv/lib/python3.14/site-packages/pip/_vendor/urllib3/filepost.py', reloading
 * Detected change in '/home/lucas/Documentos/projeto requisitos/REQ-2025.2-T02-ProJuris/src/backend/venv/lib/python3.14/site-packages/pip/_vendor/urllib3/poolmanager.py', reloading
 * Detected change in '/home/lucas/Documentos/projeto requisitos/REQ-2025.2-T02-ProJuris/src/backend/venv/lib/python3.14/site-packages/pip/_vendor/urllib3/request.py', reloading
 * Detected change in '/home/lucas/Documentos/projeto requisitos/REQ-2025.2-T02-ProJuris/src/backend/venv/lib/python3.14/site-packages/pip/_vendor/urllib3/response.py', reloading
 * Detected change in '/home/lucas/Documentos/projeto requisitos/REQ-2025.2-T02-ProJuris/src/backend/venv/lib/python3.14/site-packages/pip/_vendor/urllib3/contrib/__init__.py', reloading
 * Detected change in '/home/lucas/Documentos/projeto requisitos/REQ-2025.2-T02-ProJuris/src/backend/venv/lib/python3.14/site-packages/pip/_vendor/urllib3/contrib/_appengine_environ.py', reloading
 * Detected change in '/home/lucas/Documentos/projeto requisitos/REQ-2025.2-T02-ProJuris/src/backend/venv/lib/python3.14/site-packages/pip/_vendor/urllib3/contrib/appengine.py', reloading
 * Detected change in '/home/lucas/Documentos/projeto requisitos/REQ-2025.2-T02-ProJuris/src/backend/venv/lib/python3.14/site-packages/pip/_vendor/urllib3/contrib/ntlmpool.py', reloading
 * Detected change in '/home/lucas/Documentos/projeto requisitos/REQ-2025.2-T02-ProJuris/src/backend/venv/lib/python3.14/site-packages/pip/_vendor/urllib3/contrib/pyopenssl.py', reloading
 * Detected change in '/home/lucas/Documentos/projeto requisitos/REQ-2025.2-T02-ProJuris/src/backend/venv/lib/python3.14/site-packages/pip/_vendor/urllib3/contrib/securetransport.py', reloading
 * Detected change in '/home/lucas/Documentos/projeto requisitos/REQ-2025.2-T02-ProJuris/src/backend/venv/lib/python3.14/site-packages/pip/_vendor/urllib3/contrib/socks.py', reloading
 * Detected change in '/home/lucas/Documentos/projeto requisitos/REQ-2025.2-T02-ProJuris/src/backend/venv/lib/python3.14/site-packages/pip/_vendor/urllib3/contrib/_securetransport/__init__.py', reloading
 * Detected change in '/home/lucas/Documentos/projeto requisitos/REQ-2025.2-T02-ProJuris/src/backend/venv/lib/python3.14/site-packages/pip/_vendor/urllib3/contrib/_securetransport/bindings.py', reloading
 * Detected change in '/home/lucas/Documentos/projeto requisitos/REQ-2025.2-T02-ProJuris/src/backend/venv/lib/python3.14/site-packages/pip/_vendor/urllib3/contrib/_securetransport/low_level.py', reloading
 * Detected change in '/home/lucas/Documentos/projeto requisitos/REQ-2025.2-T02-ProJuris/src/backend/venv/lib/python3.14/site-packages/pip/_vendor/urllib3/packages/__init__.py', reloading
 * Detected change in '/home/lucas/Documentos/projeto requisitos/REQ-2025.2-T02-ProJuris/src/backend/venv/lib/python3.14/site-packages/pip/_vendor/urllib3/packages/six.py', reloading
 * Detected change in '/home/lucas/Documentos/projeto requisitos/REQ-2025.2-T02-ProJuris/src/backend/venv/lib/python3.14/site-packages/pip/_vendor/urllib3/packages/backports/__init__.py', reloading
 * Detected change in '/home/lucas/Documentos/projeto requisitos/REQ-2025.2-T02-ProJuris/src/backend/venv/lib/python3.14/site-packages/pip/_vendor/urllib3/packages/backports/makefile.py', reloading
 * Detected change in '/home/lucas/Documentos/projeto requisitos/REQ-2025.2-T02-ProJuris/src/backend/venv/lib/python3.14/site-packages/pip/_vendor/urllib3/packages/backports/weakref_finalize.py', reloading
 * Detected change in '/home/lucas/Documentos/projeto requisitos/REQ-2025.2-T02-ProJuris/src/backend/venv/lib/python3.14/site-packages/pip/_vendor/urllib3/util/__init__.py', reloading
 * Detected change in '/home/lucas/Documentos/projeto requisitos/REQ-2025.2-T02-ProJuris/src/backend/venv/lib/python3.14/site-packages/pip/_vendor/urllib3/util/connection.py', reloading
 * Detected change in '/home/lucas/Documentos/projeto requisitos/REQ-2025.2-T02-ProJuris/src/backend/venv/lib/python3.14/site-packages/pip/_vendor/urllib3/util/proxy.py', reloading
 * Detected change in '/home/lucas/Documentos/projeto requisitos/REQ-2025.2-T02-ProJuris/src/backend/venv/lib/python3.14/site-packages/pip/_vendor/urllib3/util/queue.py', reloading
 * Detected change in '/home/lucas/Documentos/projeto requisitos/REQ-2025.2-T02-ProJuris/src/backend/venv/lib/python3.14/site-packages/pip/_vendor/urllib3/util/request.py', reloading
 * Detected change in '/home/lucas/Documentos/projeto requisitos/REQ-2025.2-T02-ProJuris/src/backend/venv/lib/python3.14/site-packages/pip/_vendor/urllib3/util/response.py', reloading
 * Detected change in '/home/lucas/Documentos/projeto requisitos/REQ-2025.2-T02-ProJuris/src/backend/venv/lib/python3.14/site-packages/pip/_vendor/urllib3/util/retry.py', reloading
 * Detected change in '/home/lucas/Documentos/projeto requisitos/REQ-2025.2-T02-ProJuris/src/backend/venv/lib/python3.14/site-packages/pip/_vendor/urllib3/util/ssl_.py', reloading
 * Detected change in '/home/lucas/Documentos/projeto requisitos/REQ-2025.2-T02-ProJuris/src/backend/venv/lib/python3.14/site-packages/pip/_vendor/urllib3/util/ssl_match_hostname.py', reloading
 * Detected change in '/home/lucas/Documentos/projeto requisitos/REQ-2025.2-T02-ProJuris/src/backend/venv/lib/python3.14/site-packages/pip/_vendor/urllib3/util/ssltransport.py', reloading
 * Detected change in '/home/lucas/Documentos/projeto requisitos/REQ-2025.2-T02-ProJuris/src/backend/venv/lib/python3.14/site-packages/pip/_vendor/urllib3/util/timeout.py', reloading
 * Detected change in '/home/lucas/Documentos/projeto requisitos/REQ-2025.2-T02-ProJuris/src/backend/venv/lib/python3.14/site-packages/pip/_vendor/urllib3/util/url.py', reloading
 * Detected change in '/home/lucas/Documentos/projeto requisitos/REQ-2025.2-T02-ProJuris/src/backend/venv/lib/python3.14/site-packages/pip/_vendor/urllib3/util/wait.py', reloading
 * Detected change in '/home/lucas/Documentos/projeto requisitos/REQ-2025.2-T02-ProJuris/src/backend/venv/lib/python3.14/site-packages/pip/_vendor/urllib3/util/__init__.py', reloading
 * Detected change in '/home/lucas/Documentos/projeto requisitos/REQ-2025.2-T02-ProJuris/src/backend/venv/lib/python3.14/site-packages/pip/_vendor/urllib3/util/connection.py', reloading
 * Detected change in '/home/lucas/Documentos/projeto requisitos/REQ-2025.2-T02-ProJuris/src/backend/venv/lib/python3.14/site-packages/pip/_vendor/urllib3/util/proxy.py', reloading
 * Detected change in '/home/lucas/Documentos/projeto requisitos/REQ-2025.2-T02-ProJuris/src/backend/venv/lib/python3.14/site-packages/pip/_vendor/urllib3/util/queue.py', reloading
 * Detected change in '/home/lucas/Documentos/projeto requisitos/REQ-2025.2-T02-ProJuris/src/backend/venv/lib/python3.14/site-packages/pip/_vendor/urllib3/util/request.py', reloading
 * Detected change in '/home/lucas/Documentos/projeto requisitos/REQ-2025.2-T02-ProJuris/src/backend/venv/lib/python3.14/site-packages/pip/_vendor/urllib3/util/response.py', reloading
 * Detected change in '/home/lucas/Documentos/projeto requisitos/REQ-2025.2-T02-ProJuris/src/backend/venv/lib/python3.14/site-packages/pip/_vendor/urllib3/util/retry.py', reloading
 * Detected change in '/home/lucas/Documentos/projeto requisitos/REQ-2025.2-T02-ProJuris/src/backend/venv/lib/python3.14/site-packages/pip/_vendor/urllib3/util/ssl_.py', reloading
 * Detected change in '/home/lucas/Documentos/projeto requisitos/REQ-2025.2-T02-ProJuris/src/backend/venv/lib/python3.14/site-packages/pip/_vendor/urllib3/util/ssl_match_hostname.py', reloading
 * Detected change in '/home/lucas/Documentos/projeto requisitos/REQ-2025.2-T02-ProJuris/src/backend/venv/lib/python3.14/site-packages/pip/_vendor/urllib3/util/ssltransport.py', reloading
 * Detected change in '/home/lucas/Documentos/projeto requisitos/REQ-2025.2-T02-ProJuris/src/backend/venv/lib/python3.14/site-packages/pip/_vendor/urllib3/util/timeout.py', reloading
 * Detected change in '/home/lucas/Documentos/projeto requisitos/REQ-2025.2-T02-ProJuris/src/backend/venv/lib/python3.14/site-packages/pip/_vendor/urllib3/util/url.py', reloading
 * Detected change in '/home/lucas/Documentos/projeto requisitos/REQ-2025.2-T02-ProJuris/src/backend/venv/lib/python3.14/site-packages/pip/_vendor/urllib3/util/wait.py', reloading
 * Restarting with watchdog (inotify)
 * Debugger is active!
 * Debugger PIN: 274-686-484
 * Detected change in '/home/lucas/Documentos/projeto requisitos/REQ-2025.2-T02-ProJuris/src/backend/venv/lib/python3.14/site-packages/typing_extensions.py', reloading
 * Detected change in '/home/lucas/Documentos/projeto requisitos/REQ-2025.2-T02-ProJuris/src/backend/venv/lib/python3.14/site-packages/typing_extensions.py', reloading
 * Detected change in '/home/lucas/Documentos/projeto requisitos/REQ-2025.2-T02-ProJuris/src/backend/venv/lib/python3.14/site-packages/typing_extensions.py', reloading
 * Restarting with watchdog (inotify)
 * Debugger is active!
 * Debugger PIN: 274-686-484
 * Detected change in '/home/lucas/Documentos/projeto requisitos/REQ-2025.2-T02-ProJuris/src/backend/venv/lib/python3.14/site-packages/mako/__init__.py', reloading
 * Detected change in '/home/lucas/Documentos/projeto requisitos/REQ-2025.2-T02-ProJuris/src/backend/venv/lib/python3.14/site-packages/mako/__init__.py', reloading
 * Detected change in '/home/lucas/Documentos/projeto requisitos/REQ-2025.2-T02-ProJuris/src/backend/venv/lib/python3.14/site-packages/mako/__init__.py', reloading
 * Detected change in '/home/lucas/Documentos/projeto requisitos/REQ-2025.2-T02-ProJuris/src/backend/venv/lib/python3.14/site-packages/mako/_ast_util.py', reloading
 * Detected change in '/home/lucas/Documentos/projeto requisitos/REQ-2025.2-T02-ProJuris/src/backend/venv/lib/python3.14/site-packages/mako/_ast_util.py', reloading
 * Detected change in '/home/lucas/Documentos/projeto requisitos/REQ-2025.2-T02-ProJuris/src/backend/venv/lib/python3.14/site-packages/mako/_ast_util.py', reloading
 * Detected change in '/home/lucas/Documentos/projeto requisitos/REQ-2025.2-T02-ProJuris/src/backend/venv/lib/python3.14/site-packages/mako/ast.py', reloading
 * Detected change in '/home/lucas/Documentos/projeto requisitos/REQ-2025.2-T02-ProJuris/src/backend/venv/lib/python3.14/site-packages/mako/ast.py', reloading
 * Detected change in '/home/lucas/Documentos/projeto requisitos/REQ-2025.2-T02-ProJuris/src/backend/venv/lib/python3.14/site-packages/mako/ast.py', reloading
 * Detected change in '/home/lucas/Documentos/projeto requisitos/REQ-2025.2-T02-ProJuris/src/backend/venv/lib/python3.14/site-packages/mako/cache.py', reloading
 * Detected change in '/home/lucas/Documentos/projeto requisitos/REQ-2025.2-T02-ProJuris/src/backend/venv/lib/python3.14/site-packages/mako/cache.py', reloading
 * Detected change in '/home/lucas/Documentos/projeto requisitos/REQ-2025.2-T02-ProJuris/src/backend/venv/lib/python3.14/site-packages/mako/cache.py', reloading
 * Detected change in '/home/lucas/Documentos/projeto requisitos/REQ-2025.2-T02-ProJuris/src/backend/venv/lib/python3.14/site-packages/mako/cmd.py', reloading
 * Detected change in '/home/lucas/Documentos/projeto requisitos/REQ-2025.2-T02-ProJuris/src/backend/venv/lib/python3.14/site-packages/mako/cmd.py', reloading
 * Detected change in '/home/lucas/Documentos/projeto requisitos/REQ-2025.2-T02-ProJuris/src/backend/venv/lib/python3.14/site-packages/mako/cmd.py', reloading
 * Detected change in '/home/lucas/Documentos/projeto requisitos/REQ-2025.2-T02-ProJuris/src/backend/venv/lib/python3.14/site-packages/mako/codegen.py', reloading
 * Detected change in '/home/lucas/Documentos/projeto requisitos/REQ-2025.2-T02-ProJuris/src/backend/venv/lib/python3.14/site-packages/mako/codegen.py', reloading
 * Detected change in '/home/lucas/Documentos/projeto requisitos/REQ-2025.2-T02-ProJuris/src/backend/venv/lib/python3.14/site-packages/mako/codegen.py', reloading
 * Detected change in '/home/lucas/Documentos/projeto requisitos/REQ-2025.2-T02-ProJuris/src/backend/venv/lib/python3.14/site-packages/mako/compat.py', reloading
 * Detected change in '/home/lucas/Documentos/projeto requisitos/REQ-2025.2-T02-ProJuris/src/backend/venv/lib/python3.14/site-packages/mako/compat.py', reloading
 * Detected change in '/home/lucas/Documentos/projeto requisitos/REQ-2025.2-T02-ProJuris/src/backend/venv/lib/python3.14/site-packages/mako/compat.py', reloading
 * Detected change in '/home/lucas/Documentos/projeto requisitos/REQ-2025.2-T02-ProJuris/src/backend/venv/lib/python3.14/site-packages/mako/exceptions.py', reloading
 * Detected change in '/home/lucas/Documentos/projeto requisitos/REQ-2025.2-T02-ProJuris/src/backend/venv/lib/python3.14/site-packages/mako/exceptions.py', reloading
 * Detected change in '/home/lucas/Documentos/projeto requisitos/REQ-2025.2-T02-ProJuris/src/backend/venv/lib/python3.14/site-packages/mako/exceptions.py', reloading
 * Detected change in '/home/lucas/Documentos/projeto requisitos/REQ-2025.2-T02-ProJuris/src/backend/venv/lib/python3.14/site-packages/mako/filters.py', reloading
 * Detected change in '/home/lucas/Documentos/projeto requisitos/REQ-2025.2-T02-ProJuris/src/backend/venv/lib/python3.14/site-packages/mako/filters.py', reloading
 * Detected change in '/home/lucas/Documentos/projeto requisitos/REQ-2025.2-T02-ProJuris/src/backend/venv/lib/python3.14/site-packages/mako/filters.py', reloading
 * Detected change in '/home/lucas/Documentos/projeto requisitos/REQ-2025.2-T02-ProJuris/src/backend/venv/lib/python3.14/site-packages/mako/lexer.py', reloading
 * Detected change in '/home/lucas/Documentos/projeto requisitos/REQ-2025.2-T02-ProJuris/src/backend/venv/lib/python3.14/site-packages/mako/lexer.py', reloading
 * Detected change in '/home/lucas/Documentos/projeto requisitos/REQ-2025.2-T02-ProJuris/src/backend/venv/lib/python3.14/site-packages/mako/lexer.py', reloading
 * Detected change in '/home/lucas/Documentos/projeto requisitos/REQ-2025.2-T02-ProJuris/src/backend/venv/lib/python3.14/site-packages/mako/lookup.py', reloading
 * Detected change in '/home/lucas/Documentos/projeto requisitos/REQ-2025.2-T02-ProJuris/src/backend/venv/lib/python3.14/site-packages/mako/lookup.py', reloading
 * Detected change in '/home/lucas/Documentos/projeto requisitos/REQ-2025.2-T02-ProJuris/src/backend/venv/lib/python3.14/site-packages/mako/lookup.py', reloading
 * Detected change in '/home/lucas/Documentos/projeto requisitos/REQ-2025.2-T02-ProJuris/src/backend/venv/lib/python3.14/site-packages/mako/parsetree.py', reloading
 * Detected change in '/home/lucas/Documentos/projeto requisitos/REQ-2025.2-T02-ProJuris/src/backend/venv/lib/python3.14/site-packages/mako/parsetree.py', reloading
 * Detected change in '/home/lucas/Documentos/projeto requisitos/REQ-2025.2-T02-ProJuris/src/backend/venv/lib/python3.14/site-packages/mako/parsetree.py', reloading
 * Detected change in '/home/lucas/Documentos/projeto requisitos/REQ-2025.2-T02-ProJuris/src/backend/venv/lib/python3.14/site-packages/mako/pygen.py', reloading
 * Detected change in '/home/lucas/Documentos/projeto requisitos/REQ-2025.2-T02-ProJuris/src/backend/venv/lib/python3.14/site-packages/mako/pygen.py', reloading
 * Detected change in '/home/lucas/Documentos/projeto requisitos/REQ-2025.2-T02-ProJuris/src/backend/venv/lib/python3.14/site-packages/mako/pygen.py', reloading
 * Detected change in '/home/lucas/Documentos/projeto requisitos/REQ-2025.2-T02-ProJuris/src/backend/venv/lib/python3.14/site-packages/mako/pyparser.py', reloading
 * Detected change in '/home/lucas/Documentos/projeto requisitos/REQ-2025.2-T02-ProJuris/src/backend/venv/lib/python3.14/site-packages/mako/pyparser.py', reloading
 * Detected change in '/home/lucas/Documentos/projeto requisitos/REQ-2025.2-T02-ProJuris/src/backend/venv/lib/python3.14/site-packages/mako/pyparser.py', reloading
 * Detected change in '/home/lucas/Documentos/projeto requisitos/REQ-2025.2-T02-ProJuris/src/backend/venv/lib/python3.14/site-packages/mako/runtime.py', reloading
 * Detected change in '/home/lucas/Documentos/projeto requisitos/REQ-2025.2-T02-ProJuris/src/backend/venv/lib/python3.14/site-packages/mako/runtime.py', reloading
 * Detected change in '/home/lucas/Documentos/projeto requisitos/REQ-2025.2-T02-ProJuris/src/backend/venv/lib/python3.14/site-packages/mako/runtime.py', reloading
 * Detected change in '/home/lucas/Documentos/projeto requisitos/REQ-2025.2-T02-ProJuris/src/backend/venv/lib/python3.14/site-packages/mako/template.py', reloading
 * Detected change in '/home/lucas/Documentos/projeto requisitos/REQ-2025.2-T02-ProJuris/src/backend/venv/lib/python3.14/site-packages/mako/template.py', reloading
 * Detected change in '/home/lucas/Documentos/projeto requisitos/REQ-2025.2-T02-ProJuris/src/backend/venv/lib/python3.14/site-packages/mako/template.py', reloading
 * Detected change in '/home/lucas/Documentos/projeto requisitos/REQ-2025.2-T02-ProJuris/src/backend/venv/lib/python3.14/site-packages/mako/util.py', reloading
 * Detected change in '/home/lucas/Documentos/projeto requisitos/REQ-2025.2-T02-ProJuris/src/backend/venv/lib/python3.14/site-packages/mako/util.py', reloading
 * Detected change in '/home/lucas/Documentos/projeto requisitos/REQ-2025.2-T02-ProJuris/src/backend/venv/lib/python3.14/site-packages/mako/util.py', reloading
 * Detected change in '/home/lucas/Documentos/projeto requisitos/REQ-2025.2-T02-ProJuris/src/backend/venv/lib/python3.14/site-packages/mako/ext/__init__.py', reloading
 * Detected change in '/home/lucas/Documentos/projeto requisitos/REQ-2025.2-T02-ProJuris/src/backend/venv/lib/python3.14/site-packages/mako/ext/autohandler.py', reloading
 * Detected change in '/home/lucas/Documentos/projeto requisitos/REQ-2025.2-T02-ProJuris/src/backend/venv/lib/python3.14/site-packages/mako/ext/babelplugin.py', reloading
 * Detected change in '/home/lucas/Documentos/projeto requisitos/REQ-2025.2-T02-ProJuris/src/backend/venv/lib/python3.14/site-packages/mako/ext/beaker_cache.py', reloading
 * Detected change in '/home/lucas/Documentos/projeto requisitos/REQ-2025.2-T02-ProJuris/src/backend/venv/lib/python3.14/site-packages/mako/ext/extract.py', reloading
 * Detected change in '/home/lucas/Documentos/projeto requisitos/REQ-2025.2-T02-ProJuris/src/backend/venv/lib/python3.14/site-packages/mako/ext/extract.py', reloading
 * Detected change in '/home/lucas/Documentos/projeto requisitos/REQ-2025.2-T02-ProJuris/src/backend/venv/lib/python3.14/site-packages/mako/ext/extract.py', reloading
 * Detected change in '/home/lucas/Documentos/projeto requisitos/REQ-2025.2-T02-ProJuris/src/backend/venv/lib/python3.14/site-packages/mako/ext/linguaplugin.py', reloading
 * Detected change in '/home/lucas/Documentos/projeto requisitos/REQ-2025.2-T02-ProJuris/src/backend/venv/lib/python3.14/site-packages/mako/ext/linguaplugin.py', reloading
 * Detected change in '/home/lucas/Documentos/projeto requisitos/REQ-2025.2-T02-ProJuris/src/backend/venv/lib/python3.14/site-packages/mako/ext/linguaplugin.py', reloading
 * Detected change in '/home/lucas/Documentos/projeto requisitos/REQ-2025.2-T02-ProJuris/src/backend/venv/lib/python3.14/site-packages/mako/ext/preprocessors.py', reloading
 * Detected change in '/home/lucas/Documentos/projeto requisitos/REQ-2025.2-T02-ProJuris/src/backend/venv/lib/python3.14/site-packages/mako/ext/preprocessors.py', reloading
 * Detected change in '/home/lucas/Documentos/projeto requisitos/REQ-2025.2-T02-ProJuris/src/backend/venv/lib/python3.14/site-packages/mako/ext/preprocessors.py', reloading
 * Detected change in '/home/lucas/Documentos/projeto requisitos/REQ-2025.2-T02-ProJuris/src/backend/venv/lib/python3.14/site-packages/mako/ext/pygmentplugin.py', reloading
 * Detected change in '/home/lucas/Documentos/projeto requisitos/REQ-2025.2-T02-ProJuris/src/backend/venv/lib/python3.14/site-packages/mako/ext/pygmentplugin.py', reloading
 * Detected change in '/home/lucas/Documentos/projeto requisitos/REQ-2025.2-T02-ProJuris/src/backend/venv/lib/python3.14/site-packages/mako/ext/pygmentplugin.py', reloading
 * Detected change in '/home/lucas/Documentos/projeto requisitos/REQ-2025.2-T02-ProJuris/src/backend/venv/lib/python3.14/site-packages/mako/ext/turbogears.py', reloading
 * Detected change in '/home/lucas/Documentos/projeto requisitos/REQ-2025.2-T02-ProJuris/src/backend/venv/lib/python3.14/site-packages/mako/ext/turbogears.py', reloading
 * Detected change in '/home/lucas/Documentos/projeto requisitos/REQ-2025.2-T02-ProJuris/src/backend/venv/lib/python3.14/site-packages/mako/ext/turbogears.py', reloading
 * Detected change in '/home/lucas/Documentos/projeto requisitos/REQ-2025.2-T02-ProJuris/src/backend/venv/lib/python3.14/site-packages/mako/testing/__init__.py', reloading
 * Detected change in '/home/lucas/Documentos/projeto requisitos/REQ-2025.2-T02-ProJuris/src/backend/venv/lib/python3.14/site-packages/mako/testing/_config.py', reloading
 * Detected change in '/home/lucas/Documentos/projeto requisitos/REQ-2025.2-T02-ProJuris/src/backend/venv/lib/python3.14/site-packages/mako/testing/assertions.py', reloading
 * Detected change in '/home/lucas/Documentos/projeto requisitos/REQ-2025.2-T02-ProJuris/src/backend/venv/lib/python3.14/site-packages/mako/testing/config.py', reloading
 * Detected change in '/home/lucas/Documentos/projeto requisitos/REQ-2025.2-T02-ProJuris/src/backend/venv/lib/python3.14/site-packages/mako/testing/exclusions.py', reloading
 * Detected change in '/home/lucas/Documentos/projeto requisitos/REQ-2025.2-T02-ProJuris/src/backend/venv/lib/python3.14/site-packages/mako/testing/fixtures.py', reloading
 * Detected change in '/home/lucas/Documentos/projeto requisitos/REQ-2025.2-T02-ProJuris/src/backend/venv/lib/python3.14/site-packages/mako/testing/helpers.py', reloading
 * Detected change in '/home/lucas/Documentos/projeto requisitos/REQ-2025.2-T02-ProJuris/src/backend/venv/lib/python3.14/site-packages/jinja2/__init__.py', reloading
 * Detected change in '/home/lucas/Documentos/projeto requisitos/REQ-2025.2-T02-ProJuris/src/backend/venv/lib/python3.14/site-packages/jinja2/__init__.py', reloading
 * Detected change in '/home/lucas/Documentos/projeto requisitos/REQ-2025.2-T02-ProJuris/src/backend/venv/lib/python3.14/site-packages/jinja2/__init__.py', reloading
 * Detected change in '/home/lucas/Documentos/projeto requisitos/REQ-2025.2-T02-ProJuris/src/backend/venv/lib/python3.14/site-packages/jinja2/_identifier.py', reloading
 * Detected change in '/home/lucas/Documentos/projeto requisitos/REQ-2025.2-T02-ProJuris/src/backend/venv/lib/python3.14/site-packages/jinja2/_identifier.py', reloading
 * Detected change in '/home/lucas/Documentos/projeto requisitos/REQ-2025.2-T02-ProJuris/src/backend/venv/lib/python3.14/site-packages/jinja2/_identifier.py', reloading
 * Detected change in '/home/lucas/Documentos/projeto requisitos/REQ-2025.2-T02-ProJuris/src/backend/venv/lib/python3.14/site-packages/jinja2/async_utils.py', reloading
 * Detected change in '/home/lucas/Documentos/projeto requisitos/REQ-2025.2-T02-ProJuris/src/backend/venv/lib/python3.14/site-packages/jinja2/async_utils.py', reloading
 * Detected change in '/home/lucas/Documentos/projeto requisitos/REQ-2025.2-T02-ProJuris/src/backend/venv/lib/python3.14/site-packages/jinja2/async_utils.py', reloading
 * Detected change in '/home/lucas/Documentos/projeto requisitos/REQ-2025.2-T02-ProJuris/src/backend/venv/lib/python3.14/site-packages/jinja2/bccache.py', reloading
 * Detected change in '/home/lucas/Documentos/projeto requisitos/REQ-2025.2-T02-ProJuris/src/backend/venv/lib/python3.14/site-packages/jinja2/bccache.py', reloading
 * Detected change in '/home/lucas/Documentos/projeto requisitos/REQ-2025.2-T02-ProJuris/src/backend/venv/lib/python3.14/site-packages/jinja2/bccache.py', reloading
 * Detected change in '/home/lucas/Documentos/projeto requisitos/REQ-2025.2-T02-ProJuris/src/backend/venv/lib/python3.14/site-packages/jinja2/compiler.py', reloading
 * Detected change in '/home/lucas/Documentos/projeto requisitos/REQ-2025.2-T02-ProJuris/src/backend/venv/lib/python3.14/site-packages/jinja2/compiler.py', reloading
 * Detected change in '/home/lucas/Documentos/projeto requisitos/REQ-2025.2-T02-ProJuris/src/backend/venv/lib/python3.14/site-packages/jinja2/compiler.py', reloading
 * Detected change in '/home/lucas/Documentos/projeto requisitos/REQ-2025.2-T02-ProJuris/src/backend/venv/lib/python3.14/site-packages/jinja2/constants.py', reloading
 * Detected change in '/home/lucas/Documentos/projeto requisitos/REQ-2025.2-T02-ProJuris/src/backend/venv/lib/python3.14/site-packages/jinja2/constants.py', reloading
 * Detected change in '/home/lucas/Documentos/projeto requisitos/REQ-2025.2-T02-ProJuris/src/backend/venv/lib/python3.14/site-packages/jinja2/constants.py', reloading
 * Detected change in '/home/lucas/Documentos/projeto requisitos/REQ-2025.2-T02-ProJuris/src/backend/venv/lib/python3.14/site-packages/jinja2/debug.py', reloading
 * Detected change in '/home/lucas/Documentos/projeto requisitos/REQ-2025.2-T02-ProJuris/src/backend/venv/lib/python3.14/site-packages/jinja2/debug.py', reloading
 * Detected change in '/home/lucas/Documentos/projeto requisitos/REQ-2025.2-T02-ProJuris/src/backend/venv/lib/python3.14/site-packages/jinja2/debug.py', reloading
 * Detected change in '/home/lucas/Documentos/projeto requisitos/REQ-2025.2-T02-ProJuris/src/backend/venv/lib/python3.14/site-packages/jinja2/defaults.py', reloading
 * Detected change in '/home/lucas/Documentos/projeto requisitos/REQ-2025.2-T02-ProJuris/src/backend/venv/lib/python3.14/site-packages/jinja2/defaults.py', reloading
 * Detected change in '/home/lucas/Documentos/projeto requisitos/REQ-2025.2-T02-ProJuris/src/backend/venv/lib/python3.14/site-packages/jinja2/defaults.py', reloading
 * Detected change in '/home/lucas/Documentos/projeto requisitos/REQ-2025.2-T02-ProJuris/src/backend/venv/lib/python3.14/site-packages/jinja2/environment.py', reloading
 * Detected change in '/home/lucas/Documentos/projeto requisitos/REQ-2025.2-T02-ProJuris/src/backend/venv/lib/python3.14/site-packages/jinja2/environment.py', reloading
 * Detected change in '/home/lucas/Documentos/projeto requisitos/REQ-2025.2-T02-ProJuris/src/backend/venv/lib/python3.14/site-packages/jinja2/environment.py', reloading
 * Detected change in '/home/lucas/Documentos/projeto requisitos/REQ-2025.2-T02-ProJuris/src/backend/venv/lib/python3.14/site-packages/jinja2/exceptions.py', reloading
 * Detected change in '/home/lucas/Documentos/projeto requisitos/REQ-2025.2-T02-ProJuris/src/backend/venv/lib/python3.14/site-packages/jinja2/exceptions.py', reloading
 * Detected change in '/home/lucas/Documentos/projeto requisitos/REQ-2025.2-T02-ProJuris/src/backend/venv/lib/python3.14/site-packages/jinja2/exceptions.py', reloading
 * Detected change in '/home/lucas/Documentos/projeto requisitos/REQ-2025.2-T02-ProJuris/src/backend/venv/lib/python3.14/site-packages/jinja2/ext.py', reloading
 * Detected change in '/home/lucas/Documentos/projeto requisitos/REQ-2025.2-T02-ProJuris/src/backend/venv/lib/python3.14/site-packages/jinja2/ext.py', reloading
 * Detected change in '/home/lucas/Documentos/projeto requisitos/REQ-2025.2-T02-ProJuris/src/backend/venv/lib/python3.14/site-packages/jinja2/ext.py', reloading
 * Detected change in '/home/lucas/Documentos/projeto requisitos/REQ-2025.2-T02-ProJuris/src/backend/venv/lib/python3.14/site-packages/jinja2/filters.py', reloading
 * Detected change in '/home/lucas/Documentos/projeto requisitos/REQ-2025.2-T02-ProJuris/src/backend/venv/lib/python3.14/site-packages/jinja2/filters.py', reloading
 * Detected change in '/home/lucas/Documentos/projeto requisitos/REQ-2025.2-T02-ProJuris/src/backend/venv/lib/python3.14/site-packages/jinja2/filters.py', reloading
 * Detected change in '/home/lucas/Documentos/projeto requisitos/REQ-2025.2-T02-ProJuris/src/backend/venv/lib/python3.14/site-packages/jinja2/idtracking.py', reloading
 * Detected change in '/home/lucas/Documentos/projeto requisitos/REQ-2025.2-T02-ProJuris/src/backend/venv/lib/python3.14/site-packages/jinja2/idtracking.py', reloading
 * Detected change in '/home/lucas/Documentos/projeto requisitos/REQ-2025.2-T02-ProJuris/src/backend/venv/lib/python3.14/site-packages/jinja2/idtracking.py', reloading
 * Detected change in '/home/lucas/Documentos/projeto requisitos/REQ-2025.2-T02-ProJuris/src/backend/venv/lib/python3.14/site-packages/jinja2/lexer.py', reloading
 * Detected change in '/home/lucas/Documentos/projeto requisitos/REQ-2025.2-T02-ProJuris/src/backend/venv/lib/python3.14/site-packages/jinja2/lexer.py', reloading
 * Detected change in '/home/lucas/Documentos/projeto requisitos/REQ-2025.2-T02-ProJuris/src/backend/venv/lib/python3.14/site-packages/jinja2/lexer.py', reloading
 * Detected change in '/home/lucas/Documentos/projeto requisitos/REQ-2025.2-T02-ProJuris/src/backend/venv/lib/python3.14/site-packages/jinja2/loaders.py', reloading
 * Detected change in '/home/lucas/Documentos/projeto requisitos/REQ-2025.2-T02-ProJuris/src/backend/venv/lib/python3.14/site-packages/jinja2/loaders.py', reloading
 * Detected change in '/home/lucas/Documentos/projeto requisitos/REQ-2025.2-T02-ProJuris/src/backend/venv/lib/python3.14/site-packages/jinja2/loaders.py', reloading
 * Detected change in '/home/lucas/Documentos/projeto requisitos/REQ-2025.2-T02-ProJuris/src/backend/venv/lib/python3.14/site-packages/jinja2/meta.py', reloading
 * Detected change in '/home/lucas/Documentos/projeto requisitos/REQ-2025.2-T02-ProJuris/src/backend/venv/lib/python3.14/site-packages/jinja2/meta.py', reloading
 * Detected change in '/home/lucas/Documentos/projeto requisitos/REQ-2025.2-T02-ProJuris/src/backend/venv/lib/python3.14/site-packages/jinja2/meta.py', reloading
 * Detected change in '/home/lucas/Documentos/projeto requisitos/REQ-2025.2-T02-ProJuris/src/backend/venv/lib/python3.14/site-packages/jinja2/nativetypes.py', reloading
 * Detected change in '/home/lucas/Documentos/projeto requisitos/REQ-2025.2-T02-ProJuris/src/backend/venv/lib/python3.14/site-packages/jinja2/nativetypes.py', reloading
 * Detected change in '/home/lucas/Documentos/projeto requisitos/REQ-2025.2-T02-ProJuris/src/backend/venv/lib/python3.14/site-packages/jinja2/nativetypes.py', reloading
 * Detected change in '/home/lucas/Documentos/projeto requisitos/REQ-2025.2-T02-ProJuris/src/backend/venv/lib/python3.14/site-packages/jinja2/nodes.py', reloading
 * Detected change in '/home/lucas/Documentos/projeto requisitos/REQ-2025.2-T02-ProJuris/src/backend/venv/lib/python3.14/site-packages/jinja2/nodes.py', reloading
 * Detected change in '/home/lucas/Documentos/projeto requisitos/REQ-2025.2-T02-ProJuris/src/backend/venv/lib/python3.14/site-packages/jinja2/nodes.py', reloading
 * Detected change in '/home/lucas/Documentos/projeto requisitos/REQ-2025.2-T02-ProJuris/src/backend/venv/lib/python3.14/site-packages/jinja2/optimizer.py', reloading
 * Detected change in '/home/lucas/Documentos/projeto requisitos/REQ-2025.2-T02-ProJuris/src/backend/venv/lib/python3.14/site-packages/jinja2/optimizer.py', reloading
 * Detected change in '/home/lucas/Documentos/projeto requisitos/REQ-2025.2-T02-ProJuris/src/backend/venv/lib/python3.14/site-packages/jinja2/optimizer.py', reloading
 * Detected change in '/home/lucas/Documentos/projeto requisitos/REQ-2025.2-T02-ProJuris/src/backend/venv/lib/python3.14/site-packages/jinja2/parser.py', reloading
 * Detected change in '/home/lucas/Documentos/projeto requisitos/REQ-2025.2-T02-ProJuris/src/backend/venv/lib/python3.14/site-packages/jinja2/parser.py', reloading
 * Detected change in '/home/lucas/Documentos/projeto requisitos/REQ-2025.2-T02-ProJuris/src/backend/venv/lib/python3.14/site-packages/jinja2/parser.py', reloading
 * Detected change in '/home/lucas/Documentos/projeto requisitos/REQ-2025.2-T02-ProJuris/src/backend/venv/lib/python3.14/site-packages/jinja2/runtime.py', reloading
 * Detected change in '/home/lucas/Documentos/projeto requisitos/REQ-2025.2-T02-ProJuris/src/backend/venv/lib/python3.14/site-packages/jinja2/runtime.py', reloading
 * Detected change in '/home/lucas/Documentos/projeto requisitos/REQ-2025.2-T02-ProJuris/src/backend/venv/lib/python3.14/site-packages/jinja2/runtime.py', reloading
 * Detected change in '/home/lucas/Documentos/projeto requisitos/REQ-2025.2-T02-ProJuris/src/backend/venv/lib/python3.14/site-packages/jinja2/sandbox.py', reloading
 * Detected change in '/home/lucas/Documentos/projeto requisitos/REQ-2025.2-T02-ProJuris/src/backend/venv/lib/python3.14/site-packages/jinja2/sandbox.py', reloading
 * Detected change in '/home/lucas/Documentos/projeto requisitos/REQ-2025.2-T02-ProJuris/src/backend/venv/lib/python3.14/site-packages/jinja2/sandbox.py', reloading
 * Detected change in '/home/lucas/Documentos/projeto requisitos/REQ-2025.2-T02-ProJuris/src/backend/venv/lib/python3.14/site-packages/jinja2/tests.py', reloading
 * Detected change in '/home/lucas/Documentos/projeto requisitos/REQ-2025.2-T02-ProJuris/src/backend/venv/lib/python3.14/site-packages/jinja2/tests.py', reloading
 * Detected change in '/home/lucas/Documentos/projeto requisitos/REQ-2025.2-T02-ProJuris/src/backend/venv/lib/python3.14/site-packages/jinja2/tests.py', reloading
 * Detected change in '/home/lucas/Documentos/projeto requisitos/REQ-2025.2-T02-ProJuris/src/backend/venv/lib/python3.14/site-packages/jinja2/utils.py', reloading
 * Detected change in '/home/lucas/Documentos/projeto requisitos/REQ-2025.2-T02-ProJuris/src/backend/venv/lib/python3.14/site-packages/jinja2/utils.py', reloading
 * Detected change in '/home/lucas/Documentos/projeto requisitos/REQ-2025.2-T02-ProJuris/src/backend/venv/lib/python3.14/site-packages/jinja2/utils.py', reloading
 * Detected change in '/home/lucas/Documentos/projeto requisitos/REQ-2025.2-T02-ProJuris/src/backend/venv/lib/python3.14/site-packages/jinja2/visitor.py', reloading
 * Detected change in '/home/lucas/Documentos/projeto requisitos/REQ-2025.2-T02-ProJuris/src/backend/venv/lib/python3.14/site-packages/jinja2/visitor.py', reloading
 * Detected change in '/home/lucas/Documentos/projeto requisitos/REQ-2025.2-T02-ProJuris/src/backend/venv/lib/python3.14/site-packages/jinja2/visitor.py', reloading
 * Detected change in '/home/lucas/Documentos/projeto requisitos/REQ-2025.2-T02-ProJuris/src/backend/venv/lib/python3.14/site-packages/flask/__init__.py', reloading
 * Detected change in '/home/lucas/Documentos/projeto requisitos/REQ-2025.2-T02-ProJuris/src/backend/venv/lib/python3.14/site-packages/flask/__init__.py', reloading
 * Detected change in '/home/lucas/Documentos/projeto requisitos/REQ-2025.2-T02-ProJuris/src/backend/venv/lib/python3.14/site-packages/flask/__init__.py', reloading
 * Detected change in '/home/lucas/Documentos/projeto requisitos/REQ-2025.2-T02-ProJuris/src/backend/venv/lib/python3.14/site-packages/flask/__main__.py', reloading
 * Detected change in '/home/lucas/Documentos/projeto requisitos/REQ-2025.2-T02-ProJuris/src/backend/venv/lib/python3.14/site-packages/flask/__main__.py', reloading
 * Detected change in '/home/lucas/Documentos/projeto requisitos/REQ-2025.2-T02-ProJuris/src/backend/venv/lib/python3.14/site-packages/flask/__main__.py', reloading
 * Detected change in '/home/lucas/Documentos/projeto requisitos/REQ-2025.2-T02-ProJuris/src/backend/venv/lib/python3.14/site-packages/flask/app.py', reloading
 * Detected change in '/home/lucas/Documentos/projeto requisitos/REQ-2025.2-T02-ProJuris/src/backend/venv/lib/python3.14/site-packages/flask/app.py', reloading
 * Detected change in '/home/lucas/Documentos/projeto requisitos/REQ-2025.2-T02-ProJuris/src/backend/venv/lib/python3.14/site-packages/flask/app.py', reloading
 * Detected change in '/home/lucas/Documentos/projeto requisitos/REQ-2025.2-T02-ProJuris/src/backend/venv/lib/python3.14/site-packages/flask/blueprints.py', reloading
 * Detected change in '/home/lucas/Documentos/projeto requisitos/REQ-2025.2-T02-ProJuris/src/backend/venv/lib/python3.14/site-packages/flask/blueprints.py', reloading
 * Detected change in '/home/lucas/Documentos/projeto requisitos/REQ-2025.2-T02-ProJuris/src/backend/venv/lib/python3.14/site-packages/flask/blueprints.py', reloading
 * Detected change in '/home/lucas/Documentos/projeto requisitos/REQ-2025.2-T02-ProJuris/src/backend/venv/lib/python3.14/site-packages/flask/cli.py', reloading
 * Detected change in '/home/lucas/Documentos/projeto requisitos/REQ-2025.2-T02-ProJuris/src/backend/venv/lib/python3.14/site-packages/flask/cli.py', reloading
 * Detected change in '/home/lucas/Documentos/projeto requisitos/REQ-2025.2-T02-ProJuris/src/backend/venv/lib/python3.14/site-packages/flask/cli.py', reloading
 * Detected change in '/home/lucas/Documentos/projeto requisitos/REQ-2025.2-T02-ProJuris/src/backend/venv/lib/python3.14/site-packages/flask/config.py', reloading
 * Detected change in '/home/lucas/Documentos/projeto requisitos/REQ-2025.2-T02-ProJuris/src/backend/venv/lib/python3.14/site-packages/flask/config.py', reloading
 * Detected change in '/home/lucas/Documentos/projeto requisitos/REQ-2025.2-T02-ProJuris/src/backend/venv/lib/python3.14/site-packages/flask/config.py', reloading
 * Detected change in '/home/lucas/Documentos/projeto requisitos/REQ-2025.2-T02-ProJuris/src/backend/venv/lib/python3.14/site-packages/flask/ctx.py', reloading
 * Detected change in '/home/lucas/Documentos/projeto requisitos/REQ-2025.2-T02-ProJuris/src/backend/venv/lib/python3.14/site-packages/flask/ctx.py', reloading
 * Detected change in '/home/lucas/Documentos/projeto requisitos/REQ-2025.2-T02-ProJuris/src/backend/venv/lib/python3.14/site-packages/flask/ctx.py', reloading
 * Detected change in '/home/lucas/Documentos/projeto requisitos/REQ-2025.2-T02-ProJuris/src/backend/venv/lib/python3.14/site-packages/flask/debughelpers.py', reloading
 * Detected change in '/home/lucas/Documentos/projeto requisitos/REQ-2025.2-T02-ProJuris/src/backend/venv/lib/python3.14/site-packages/flask/debughelpers.py', reloading
 * Detected change in '/home/lucas/Documentos/projeto requisitos/REQ-2025.2-T02-ProJuris/src/backend/venv/lib/python3.14/site-packages/flask/debughelpers.py', reloading
 * Detected change in '/home/lucas/Documentos/projeto requisitos/REQ-2025.2-T02-ProJuris/src/backend/venv/lib/python3.14/site-packages/flask/globals.py', reloading
 * Detected change in '/home/lucas/Documentos/projeto requisitos/REQ-2025.2-T02-ProJuris/src/backend/venv/lib/python3.14/site-packages/flask/globals.py', reloading
 * Detected change in '/home/lucas/Documentos/projeto requisitos/REQ-2025.2-T02-ProJuris/src/backend/venv/lib/python3.14/site-packages/flask/globals.py', reloading
 * Detected change in '/home/lucas/Documentos/projeto requisitos/REQ-2025.2-T02-ProJuris/src/backend/venv/lib/python3.14/site-packages/flask/helpers.py', reloading
 * Detected change in '/home/lucas/Documentos/projeto requisitos/REQ-2025.2-T02-ProJuris/src/backend/venv/lib/python3.14/site-packages/flask/helpers.py', reloading
 * Detected change in '/home/lucas/Documentos/projeto requisitos/REQ-2025.2-T02-ProJuris/src/backend/venv/lib/python3.14/site-packages/flask/helpers.py', reloading
 * Detected change in '/home/lucas/Documentos/projeto requisitos/REQ-2025.2-T02-ProJuris/src/backend/venv/lib/python3.14/site-packages/flask/logging.py', reloading
 * Detected change in '/home/lucas/Documentos/projeto requisitos/REQ-2025.2-T02-ProJuris/src/backend/venv/lib/python3.14/site-packages/flask/logging.py', reloading
 * Detected change in '/home/lucas/Documentos/projeto requisitos/REQ-2025.2-T02-ProJuris/src/backend/venv/lib/python3.14/site-packages/flask/logging.py', reloading
 * Detected change in '/home/lucas/Documentos/projeto requisitos/REQ-2025.2-T02-ProJuris/src/backend/venv/lib/python3.14/site-packages/flask/sessions.py', reloading
 * Detected change in '/home/lucas/Documentos/projeto requisitos/REQ-2025.2-T02-ProJuris/src/backend/venv/lib/python3.14/site-packages/flask/sessions.py', reloading
 * Detected change in '/home/lucas/Documentos/projeto requisitos/REQ-2025.2-T02-ProJuris/src/backend/venv/lib/python3.14/site-packages/flask/sessions.py', reloading
 * Detected change in '/home/lucas/Documentos/projeto requisitos/REQ-2025.2-T02-ProJuris/src/backend/venv/lib/python3.14/site-packages/flask/signals.py', reloading
 * Detected change in '/home/lucas/Documentos/projeto requisitos/REQ-2025.2-T02-ProJuris/src/backend/venv/lib/python3.14/site-packages/flask/signals.py', reloading
 * Detected change in '/home/lucas/Documentos/projeto requisitos/REQ-2025.2-T02-ProJuris/src/backend/venv/lib/python3.14/site-packages/flask/signals.py', reloading
 * Detected change in '/home/lucas/Documentos/projeto requisitos/REQ-2025.2-T02-ProJuris/src/backend/venv/lib/python3.14/site-packages/flask/templating.py', reloading
 * Detected change in '/home/lucas/Documentos/projeto requisitos/REQ-2025.2-T02-ProJuris/src/backend/venv/lib/python3.14/site-packages/flask/templating.py', reloading
 * Detected change in '/home/lucas/Documentos/projeto requisitos/REQ-2025.2-T02-ProJuris/src/backend/venv/lib/python3.14/site-packages/flask/templating.py', reloading
 * Detected change in '/home/lucas/Documentos/projeto requisitos/REQ-2025.2-T02-ProJuris/src/backend/venv/lib/python3.14/site-packages/flask/testing.py', reloading
 * Detected change in '/home/lucas/Documentos/projeto requisitos/REQ-2025.2-T02-ProJuris/src/backend/venv/lib/python3.14/site-packages/flask/testing.py', reloading
 * Detected change in '/home/lucas/Documentos/projeto requisitos/REQ-2025.2-T02-ProJuris/src/backend/venv/lib/python3.14/site-packages/flask/testing.py', reloading
 * Detected change in '/home/lucas/Documentos/projeto requisitos/REQ-2025.2-T02-ProJuris/src/backend/venv/lib/python3.14/site-packages/flask/typing.py', reloading
 * Detected change in '/home/lucas/Documentos/projeto requisitos/REQ-2025.2-T02-ProJuris/src/backend/venv/lib/python3.14/site-packages/flask/typing.py', reloading
 * Detected change in '/home/lucas/Documentos/projeto requisitos/REQ-2025.2-T02-ProJuris/src/backend/venv/lib/python3.14/site-packages/flask/typing.py', reloading
 * Detected change in '/home/lucas/Documentos/projeto requisitos/REQ-2025.2-T02-ProJuris/src/backend/venv/lib/python3.14/site-packages/flask/views.py', reloading
 * Detected change in '/home/lucas/Documentos/projeto requisitos/REQ-2025.2-T02-ProJuris/src/backend/venv/lib/python3.14/site-packages/flask/views.py', reloading
 * Detected change in '/home/lucas/Documentos/projeto requisitos/REQ-2025.2-T02-ProJuris/src/backend/venv/lib/python3.14/site-packages/flask/views.py', reloading
 * Detected change in '/home/lucas/Documentos/projeto requisitos/REQ-2025.2-T02-ProJuris/src/backend/venv/lib/python3.14/site-packages/flask/wrappers.py', reloading
 * Detected change in '/home/lucas/Documentos/projeto requisitos/REQ-2025.2-T02-ProJuris/src/backend/venv/lib/python3.14/site-packages/flask/wrappers.py', reloading
 * Detected change in '/home/lucas/Documentos/projeto requisitos/REQ-2025.2-T02-ProJuris/src/backend/venv/lib/python3.14/site-packages/flask/wrappers.py', reloading
 * Detected change in '/home/lucas/Documentos/projeto requisitos/REQ-2025.2-T02-ProJuris/src/backend/venv/lib/python3.14/site-packages/flask/json/__init__.py', reloading
 * Detected change in '/home/lucas/Documentos/projeto requisitos/REQ-2025.2-T02-ProJuris/src/backend/venv/lib/python3.14/site-packages/flask/json/provider.py', reloading
 * Detected change in '/home/lucas/Documentos/projeto requisitos/REQ-2025.2-T02-ProJuris/src/backend/venv/lib/python3.14/site-packages/flask/json/tag.py', reloading
 * Detected change in '/home/lucas/Documentos/projeto requisitos/REQ-2025.2-T02-ProJuris/src/backend/venv/lib/python3.14/site-packages/flask/sansio/app.py', reloading
 * Detected change in '/home/lucas/Documentos/projeto requisitos/REQ-2025.2-T02-ProJuris/src/backend/venv/lib/python3.14/site-packages/flask/sansio/blueprints.py', reloading
 * Detected change in '/home/lucas/Documentos/projeto requisitos/REQ-2025.2-T02-ProJuris/src/backend/venv/lib/python3.14/site-packages/flask/sansio/scaffold.py', reloading
 * Detected change in '/home/lucas/Documentos/projeto requisitos/REQ-2025.2-T02-ProJuris/src/backend/venv/lib/python3.14/site-packages/alembic/__init__.py', reloading
 * Detected change in '/home/lucas/Documentos/projeto requisitos/REQ-2025.2-T02-ProJuris/src/backend/venv/lib/python3.14/site-packages/alembic/__main__.py', reloading
 * Detected change in '/home/lucas/Documentos/projeto requisitos/REQ-2025.2-T02-ProJuris/src/backend/venv/lib/python3.14/site-packages/alembic/command.py', reloading
 * Detected change in '/home/lucas/Documentos/projeto requisitos/REQ-2025.2-T02-ProJuris/src/backend/venv/lib/python3.14/site-packages/alembic/config.py', reloading
 * Detected change in '/home/lucas/Documentos/projeto requisitos/REQ-2025.2-T02-ProJuris/src/backend/venv/lib/python3.14/site-packages/alembic/context.py', reloading
 * Detected change in '/home/lucas/Documentos/projeto requisitos/REQ-2025.2-T02-ProJuris/src/backend/venv/lib/python3.14/site-packages/alembic/environment.py', reloading
 * Detected change in '/home/lucas/Documentos/projeto requisitos/REQ-2025.2-T02-ProJuris/src/backend/venv/lib/python3.14/site-packages/alembic/environment.py', reloading
 * Detected change in '/home/lucas/Documentos/projeto requisitos/REQ-2025.2-T02-ProJuris/src/backend/venv/lib/python3.14/site-packages/alembic/environment.py', reloading
 * Detected change in '/home/lucas/Documentos/projeto requisitos/REQ-2025.2-T02-ProJuris/src/backend/venv/lib/python3.14/site-packages/alembic/migration.py', reloading
 * Detected change in '/home/lucas/Documentos/projeto requisitos/REQ-2025.2-T02-ProJuris/src/backend/venv/lib/python3.14/site-packages/alembic/migration.py', reloading
 * Detected change in '/home/lucas/Documentos/projeto requisitos/REQ-2025.2-T02-ProJuris/src/backend/venv/lib/python3.14/site-packages/alembic/migration.py', reloading
 * Detected change in '/home/lucas/Documentos/projeto requisitos/REQ-2025.2-T02-ProJuris/src/backend/venv/lib/python3.14/site-packages/alembic/op.py', reloading
 * Detected change in '/home/lucas/Documentos/projeto requisitos/REQ-2025.2-T02-ProJuris/src/backend/venv/lib/python3.14/site-packages/alembic/op.py', reloading
 * Detected change in '/home/lucas/Documentos/projeto requisitos/REQ-2025.2-T02-ProJuris/src/backend/venv/lib/python3.14/site-packages/alembic/op.py', reloading
 * Detected change in '/home/lucas/Documentos/projeto requisitos/REQ-2025.2-T02-ProJuris/src/backend/venv/lib/python3.14/site-packages/alembic/autogenerate/__init__.py', reloading
 * Detected change in '/home/lucas/Documentos/projeto requisitos/REQ-2025.2-T02-ProJuris/src/backend/venv/lib/python3.14/site-packages/alembic/autogenerate/api.py', reloading
 * Detected change in '/home/lucas/Documentos/projeto requisitos/REQ-2025.2-T02-ProJuris/src/backend/venv/lib/python3.14/site-packages/alembic/autogenerate/compare.py', reloading
 * Detected change in '/home/lucas/Documentos/projeto requisitos/REQ-2025.2-T02-ProJuris/src/backend/venv/lib/python3.14/site-packages/alembic/autogenerate/render.py', reloading
 * Detected change in '/home/lucas/Documentos/projeto requisitos/REQ-2025.2-T02-ProJuris/src/backend/venv/lib/python3.14/site-packages/alembic/autogenerate/rewriter.py', reloading
 * Detected change in '/home/lucas/Documentos/projeto requisitos/REQ-2025.2-T02-ProJuris/src/backend/venv/lib/python3.14/site-packages/alembic/ddl/__init__.py', reloading
 * Detected change in '/home/lucas/Documentos/projeto requisitos/REQ-2025.2-T02-ProJuris/src/backend/venv/lib/python3.14/site-packages/alembic/ddl/_autogen.py', reloading
 * Detected change in '/home/lucas/Documentos/projeto requisitos/REQ-2025.2-T02-ProJuris/src/backend/venv/lib/python3.14/site-packages/alembic/ddl/base.py', reloading
 * Detected change in '/home/lucas/Documentos/projeto requisitos/REQ-2025.2-T02-ProJuris/src/backend/venv/lib/python3.14/site-packages/alembic/ddl/impl.py', reloading
 * Detected change in '/home/lucas/Documentos/projeto requisitos/REQ-2025.2-T02-ProJuris/src/backend/venv/lib/python3.14/site-packages/alembic/ddl/mssql.py', reloading
 * Detected change in '/home/lucas/Documentos/projeto requisitos/REQ-2025.2-T02-ProJuris/src/backend/venv/lib/python3.14/site-packages/alembic/ddl/mysql.py', reloading
 * Detected change in '/home/lucas/Documentos/projeto requisitos/REQ-2025.2-T02-ProJuris/src/backend/venv/lib/python3.14/site-packages/alembic/ddl/oracle.py', reloading
 * Detected change in '/home/lucas/Documentos/projeto requisitos/REQ-2025.2-T02-ProJuris/src/backend/venv/lib/python3.14/site-packages/alembic/ddl/postgresql.py', reloading
 * Detected change in '/home/lucas/Documentos/projeto requisitos/REQ-2025.2-T02-ProJuris/src/backend/venv/lib/python3.14/site-packages/alembic/ddl/sqlite.py', reloading
 * Detected change in '/home/lucas/Documentos/projeto requisitos/REQ-2025.2-T02-ProJuris/src/backend/venv/lib/python3.14/site-packages/alembic/operations/__init__.py', reloading
 * Detected change in '/home/lucas/Documentos/projeto requisitos/REQ-2025.2-T02-ProJuris/src/backend/venv/lib/python3.14/site-packages/alembic/operations/base.py', reloading
 * Detected change in '/home/lucas/Documentos/projeto requisitos/REQ-2025.2-T02-ProJuris/src/backend/venv/lib/python3.14/site-packages/alembic/operations/batch.py', reloading
 * Detected change in '/home/lucas/Documentos/projeto requisitos/REQ-2025.2-T02-ProJuris/src/backend/venv/lib/python3.14/site-packages/alembic/operations/ops.py', reloading
 * Detected change in '/home/lucas/Documentos/projeto requisitos/REQ-2025.2-T02-ProJuris/src/backend/venv/lib/python3.14/site-packages/alembic/operations/schemaobj.py', reloading
 * Detected change in '/home/lucas/Documentos/projeto requisitos/REQ-2025.2-T02-ProJuris/src/backend/venv/lib/python3.14/site-packages/alembic/operations/toimpl.py', reloading
 * Detected change in '/home/lucas/Documentos/projeto requisitos/REQ-2025.2-T02-ProJuris/src/backend/venv/lib/python3.14/site-packages/alembic/runtime/__init__.py', reloading
 * Detected change in '/home/lucas/Documentos/projeto requisitos/REQ-2025.2-T02-ProJuris/src/backend/venv/lib/python3.14/site-packages/alembic/runtime/environment.py', reloading
 * Detected change in '/home/lucas/Documentos/projeto requisitos/REQ-2025.2-T02-ProJuris/src/backend/venv/lib/python3.14/site-packages/alembic/runtime/migration.py', reloading
 * Detected change in '/home/lucas/Documentos/projeto requisitos/REQ-2025.2-T02-ProJuris/src/backend/venv/lib/python3.14/site-packages/alembic/script/__init__.py', reloading
 * Detected change in '/home/lucas/Documentos/projeto requisitos/REQ-2025.2-T02-ProJuris/src/backend/venv/lib/python3.14/site-packages/alembic/script/base.py', reloading
 * Detected change in '/home/lucas/Documentos/projeto requisitos/REQ-2025.2-T02-ProJuris/src/backend/venv/lib/python3.14/site-packages/alembic/script/revision.py', reloading
 * Detected change in '/home/lucas/Documentos/projeto requisitos/REQ-2025.2-T02-ProJuris/src/backend/venv/lib/python3.14/site-packages/alembic/script/write_hooks.py', reloading
 * Detected change in '/home/lucas/Documentos/projeto requisitos/REQ-2025.2-T02-ProJuris/src/backend/venv/lib/python3.14/site-packages/alembic/templates/async/env.py', reloading
 * Detected change in '/home/lucas/Documentos/projeto requisitos/REQ-2025.2-T02-ProJuris/src/backend/venv/lib/python3.14/site-packages/alembic/templates/generic/env.py', reloading
 * Detected change in '/home/lucas/Documentos/projeto requisitos/REQ-2025.2-T02-ProJuris/src/backend/venv/lib/python3.14/site-packages/alembic/templates/multidb/env.py', reloading
 * Detected change in '/home/lucas/Documentos/projeto requisitos/REQ-2025.2-T02-ProJuris/src/backend/venv/lib/python3.14/site-packages/alembic/templates/pyproject/env.py', reloading
 * Detected change in '/home/lucas/Documentos/projeto requisitos/REQ-2025.2-T02-ProJuris/src/backend/venv/lib/python3.14/site-packages/alembic/templates/pyproject_async/env.py', reloading
 * Detected change in '/home/lucas/Documentos/projeto requisitos/REQ-2025.2-T02-ProJuris/src/backend/venv/lib/python3.14/site-packages/alembic/testing/__init__.py', reloading
 * Detected change in '/home/lucas/Documentos/projeto requisitos/REQ-2025.2-T02-ProJuris/src/backend/venv/lib/python3.14/site-packages/alembic/testing/assertions.py', reloading
 * Detected change in '/home/lucas/Documentos/projeto requisitos/REQ-2025.2-T02-ProJuris/src/backend/venv/lib/python3.14/site-packages/alembic/testing/env.py', reloading
 * Detected change in '/home/lucas/Documentos/projeto requisitos/REQ-2025.2-T02-ProJuris/src/backend/venv/lib/python3.14/site-packages/alembic/testing/fixtures.py', reloading
 * Detected change in '/home/lucas/Documentos/projeto requisitos/REQ-2025.2-T02-ProJuris/src/backend/venv/lib/python3.14/site-packages/alembic/testing/requirements.py', reloading
 * Detected change in '/home/lucas/Documentos/projeto requisitos/REQ-2025.2-T02-ProJuris/src/backend/venv/lib/python3.14/site-packages/alembic/testing/schemacompare.py', reloading
 * Detected change in '/home/lucas/Documentos/projeto requisitos/REQ-2025.2-T02-ProJuris/src/backend/venv/lib/python3.14/site-packages/alembic/testing/util.py', reloading
 * Detected change in '/home/lucas/Documentos/projeto requisitos/REQ-2025.2-T02-ProJuris/src/backend/venv/lib/python3.14/site-packages/alembic/testing/warnings.py', reloading
 * Detected change in '/home/lucas/Documentos/projeto requisitos/REQ-2025.2-T02-ProJuris/src/backend/venv/lib/python3.14/site-packages/alembic/testing/plugin/__init__.py', reloading
 * Detected change in '/home/lucas/Documentos/projeto requisitos/REQ-2025.2-T02-ProJuris/src/backend/venv/lib/python3.14/site-packages/alembic/testing/plugin/bootstrap.py', reloading
 * Detected change in '/home/lucas/Documentos/projeto requisitos/REQ-2025.2-T02-ProJuris/src/backend/venv/lib/python3.14/site-packages/alembic/testing/suite/__init__.py', reloading
 * Detected change in '/home/lucas/Documentos/projeto requisitos/REQ-2025.2-T02-ProJuris/src/backend/venv/lib/python3.14/site-packages/alembic/testing/suite/_autogen_fixtures.py', reloading
 * Detected change in '/home/lucas/Documentos/projeto requisitos/REQ-2025.2-T02-ProJuris/src/backend/venv/lib/python3.14/site-packages/alembic/testing/suite/test_autogen_comments.py', reloading
 * Detected change in '/home/lucas/Documentos/projeto requisitos/REQ-2025.2-T02-ProJuris/src/backend/venv/lib/python3.14/site-packages/alembic/testing/suite/test_autogen_computed.py', reloading
 * Detected change in '/home/lucas/Documentos/projeto requisitos/REQ-2025.2-T02-ProJuris/src/backend/venv/lib/python3.14/site-packages/alembic/testing/suite/test_autogen_diffs.py', reloading
 * Detected change in '/home/lucas/Documentos/projeto requisitos/REQ-2025.2-T02-ProJuris/src/backend/venv/lib/python3.14/site-packages/alembic/testing/suite/test_autogen_fks.py', reloading
 * Detected change in '/home/lucas/Documentos/projeto requisitos/REQ-2025.2-T02-ProJuris/src/backend/venv/lib/python3.14/site-packages/alembic/testing/suite/test_autogen_identity.py', reloading
 * Detected change in '/home/lucas/Documentos/projeto requisitos/REQ-2025.2-T02-ProJuris/src/backend/venv/lib/python3.14/site-packages/alembic/testing/suite/test_environment.py', reloading
 * Detected change in '/home/lucas/Documentos/projeto requisitos/REQ-2025.2-T02-ProJuris/src/backend/venv/lib/python3.14/site-packages/alembic/testing/suite/test_op.py', reloading
 * Detected change in '/home/lucas/Documentos/projeto requisitos/REQ-2025.2-T02-ProJuris/src/backend/venv/lib/python3.14/site-packages/alembic/util/__init__.py', reloading
 * Detected change in '/home/lucas/Documentos/projeto requisitos/REQ-2025.2-T02-ProJuris/src/backend/venv/lib/python3.14/site-packages/alembic/util/compat.py', reloading
 * Detected change in '/home/lucas/Documentos/projeto requisitos/REQ-2025.2-T02-ProJuris/src/backend/venv/lib/python3.14/site-packages/alembic/util/editor.py', reloading
 * Detected change in '/home/lucas/Documentos/projeto requisitos/REQ-2025.2-T02-ProJuris/src/backend/venv/lib/python3.14/site-packages/alembic/util/exc.py', reloading
 * Detected change in '/home/lucas/Documentos/projeto requisitos/REQ-2025.2-T02-ProJuris/src/backend/venv/lib/python3.14/site-packages/alembic/util/langhelpers.py', reloading
 * Detected change in '/home/lucas/Documentos/projeto requisitos/REQ-2025.2-T02-ProJuris/src/backend/venv/lib/python3.14/site-packages/alembic/util/messaging.py', reloading
 * Detected change in '/home/lucas/Documentos/projeto requisitos/REQ-2025.2-T02-ProJuris/src/backend/venv/lib/python3.14/site-packages/alembic/util/pyfiles.py', reloading
 * Detected change in '/home/lucas/Documentos/projeto requisitos/REQ-2025.2-T02-ProJuris/src/backend/venv/lib/python3.14/site-packages/alembic/util/sqla_compat.py', reloading
 * Detected change in '/home/lucas/Documentos/projeto requisitos/REQ-2025.2-T02-ProJuris/src/backend/venv/lib/python3.14/site-packages/flask_sqlalchemy/__init__.py', reloading
 * Detected change in '/home/lucas/Documentos/projeto requisitos/REQ-2025.2-T02-ProJuris/src/backend/venv/lib/python3.14/site-packages/flask_sqlalchemy/__init__.py', reloading
 * Detected change in '/home/lucas/Documentos/projeto requisitos/REQ-2025.2-T02-ProJuris/src/backend/venv/lib/python3.14/site-packages/flask_sqlalchemy/__init__.py', reloading
 * Detected change in '/home/lucas/Documentos/projeto requisitos/REQ-2025.2-T02-ProJuris/src/backend/venv/lib/python3.14/site-packages/flask_sqlalchemy/cli.py', reloading
 * Detected change in '/home/lucas/Documentos/projeto requisitos/REQ-2025.2-T02-ProJuris/src/backend/venv/lib/python3.14/site-packages/flask_sqlalchemy/cli.py', reloading
 * Detected change in '/home/lucas/Documentos/projeto requisitos/REQ-2025.2-T02-ProJuris/src/backend/venv/lib/python3.14/site-packages/flask_sqlalchemy/cli.py', reloading
 * Detected change in '/home/lucas/Documentos/projeto requisitos/REQ-2025.2-T02-ProJuris/src/backend/venv/lib/python3.14/site-packages/flask_sqlalchemy/extension.py', reloading
 * Detected change in '/home/lucas/Documentos/projeto requisitos/REQ-2025.2-T02-ProJuris/src/backend/venv/lib/python3.14/site-packages/flask_sqlalchemy/extension.py', reloading
 * Detected change in '/home/lucas/Documentos/projeto requisitos/REQ-2025.2-T02-ProJuris/src/backend/venv/lib/python3.14/site-packages/flask_sqlalchemy/extension.py', reloading
 * Detected change in '/home/lucas/Documentos/projeto requisitos/REQ-2025.2-T02-ProJuris/src/backend/venv/lib/python3.14/site-packages/flask_sqlalchemy/model.py', reloading
 * Detected change in '/home/lucas/Documentos/projeto requisitos/REQ-2025.2-T02-ProJuris/src/backend/venv/lib/python3.14/site-packages/flask_sqlalchemy/model.py', reloading
 * Detected change in '/home/lucas/Documentos/projeto requisitos/REQ-2025.2-T02-ProJuris/src/backend/venv/lib/python3.14/site-packages/flask_sqlalchemy/model.py', reloading
 * Detected change in '/home/lucas/Documentos/projeto requisitos/REQ-2025.2-T02-ProJuris/src/backend/venv/lib/python3.14/site-packages/flask_sqlalchemy/pagination.py', reloading
 * Detected change in '/home/lucas/Documentos/projeto requisitos/REQ-2025.2-T02-ProJuris/src/backend/venv/lib/python3.14/site-packages/flask_sqlalchemy/pagination.py', reloading
 * Detected change in '/home/lucas/Documentos/projeto requisitos/REQ-2025.2-T02-ProJuris/src/backend/venv/lib/python3.14/site-packages/flask_sqlalchemy/pagination.py', reloading
 * Detected change in '/home/lucas/Documentos/projeto requisitos/REQ-2025.2-T02-ProJuris/src/backend/venv/lib/python3.14/site-packages/flask_sqlalchemy/query.py', reloading
 * Detected change in '/home/lucas/Documentos/projeto requisitos/REQ-2025.2-T02-ProJuris/src/backend/venv/lib/python3.14/site-packages/flask_sqlalchemy/query.py', reloading
 * Detected change in '/home/lucas/Documentos/projeto requisitos/REQ-2025.2-T02-ProJuris/src/backend/venv/lib/python3.14/site-packages/flask_sqlalchemy/query.py', reloading
 * Detected change in '/home/lucas/Documentos/projeto requisitos/REQ-2025.2-T02-ProJuris/src/backend/venv/lib/python3.14/site-packages/flask_sqlalchemy/record_queries.py', reloading
 * Detected change in '/home/lucas/Documentos/projeto requisitos/REQ-2025.2-T02-ProJuris/src/backend/venv/lib/python3.14/site-packages/flask_sqlalchemy/record_queries.py', reloading
 * Detected change in '/home/lucas/Documentos/projeto requisitos/REQ-2025.2-T02-ProJuris/src/backend/venv/lib/python3.14/site-packages/flask_sqlalchemy/record_queries.py', reloading
 * Detected change in '/home/lucas/Documentos/projeto requisitos/REQ-2025.2-T02-ProJuris/src/backend/venv/lib/python3.14/site-packages/flask_sqlalchemy/session.py', reloading
 * Detected change in '/home/lucas/Documentos/projeto requisitos/REQ-2025.2-T02-ProJuris/src/backend/venv/lib/python3.14/site-packages/flask_sqlalchemy/session.py', reloading
 * Detected change in '/home/lucas/Documentos/projeto requisitos/REQ-2025.2-T02-ProJuris/src/backend/venv/lib/python3.14/site-packages/flask_sqlalchemy/session.py', reloading
 * Detected change in '/home/lucas/Documentos/projeto requisitos/REQ-2025.2-T02-ProJuris/src/backend/venv/lib/python3.14/site-packages/flask_sqlalchemy/table.py', reloading
 * Detected change in '/home/lucas/Documentos/projeto requisitos/REQ-2025.2-T02-ProJuris/src/backend/venv/lib/python3.14/site-packages/flask_sqlalchemy/table.py', reloading
 * Detected change in '/home/lucas/Documentos/projeto requisitos/REQ-2025.2-T02-ProJuris/src/backend/venv/lib/python3.14/site-packages/flask_sqlalchemy/table.py', reloading
 * Detected change in '/home/lucas/Documentos/projeto requisitos/REQ-2025.2-T02-ProJuris/src/backend/venv/lib/python3.14/site-packages/flask_sqlalchemy/track_modifications.py', reloading
 * Detected change in '/home/lucas/Documentos/projeto requisitos/REQ-2025.2-T02-ProJuris/src/backend/venv/lib/python3.14/site-packages/flask_sqlalchemy/track_modifications.py', reloading
 * Detected change in '/home/lucas/Documentos/projeto requisitos/REQ-2025.2-T02-ProJuris/src/backend/venv/lib/python3.14/site-packages/flask_sqlalchemy/track_modifications.py', reloading
 * Detected change in '/home/lucas/Documentos/projeto requisitos/REQ-2025.2-T02-ProJuris/src/backend/venv/lib/python3.14/site-packages/flask_login/__about__.py', reloading
 * Detected change in '/home/lucas/Documentos/projeto requisitos/REQ-2025.2-T02-ProJuris/src/backend/venv/lib/python3.14/site-packages/flask_login/__init__.py', reloading
 * Detected change in '/home/lucas/Documentos/projeto requisitos/REQ-2025.2-T02-ProJuris/src/backend/venv/lib/python3.14/site-packages/flask_login/config.py', reloading
 * Detected change in '/home/lucas/Documentos/projeto requisitos/REQ-2025.2-T02-ProJuris/src/backend/venv/lib/python3.14/site-packages/flask_login/login_manager.py', reloading
 * Detected change in '/home/lucas/Documentos/projeto requisitos/REQ-2025.2-T02-ProJuris/src/backend/venv/lib/python3.14/site-packages/flask_login/mixins.py', reloading
 * Detected change in '/home/lucas/Documentos/projeto requisitos/REQ-2025.2-T02-ProJuris/src/backend/venv/lib/python3.14/site-packages/flask_login/signals.py', reloading
 * Detected change in '/home/lucas/Documentos/projeto requisitos/REQ-2025.2-T02-ProJuris/src/backend/venv/lib/python3.14/site-packages/flask_login/test_client.py', reloading
 * Detected change in '/home/lucas/Documentos/projeto requisitos/REQ-2025.2-T02-ProJuris/src/backend/venv/lib/python3.14/site-packages/flask_login/utils.py', reloading
 * Detected change in '/home/lucas/Documentos/projeto requisitos/REQ-2025.2-T02-ProJuris/src/backend/venv/lib/python3.14/site-packages/flask_cors/__init__.py', reloading
 * Detected change in '/home/lucas/Documentos/projeto requisitos/REQ-2025.2-T02-ProJuris/src/backend/venv/lib/python3.14/site-packages/flask_cors/core.py', reloading
 * Detected change in '/home/lucas/Documentos/projeto requisitos/REQ-2025.2-T02-ProJuris/src/backend/venv/lib/python3.14/site-packages/flask_cors/decorator.py', reloading
 * Detected change in '/home/lucas/Documentos/projeto requisitos/REQ-2025.2-T02-ProJuris/src/backend/venv/lib/python3.14/site-packages/flask_cors/extension.py', reloading
 * Detected change in '/home/lucas/Documentos/projeto requisitos/REQ-2025.2-T02-ProJuris/src/backend/venv/lib/python3.14/site-packages/flask_cors/version.py', reloading
 * Detected change in '/home/lucas/Documentos/projeto requisitos/REQ-2025.2-T02-ProJuris/src/backend/venv/lib/python3.14/site-packages/flask_cors/version.py', reloading
 * Detected change in '/home/lucas/Documentos/projeto requisitos/REQ-2025.2-T02-ProJuris/src/backend/venv/lib/python3.14/site-packages/flask_cors/version.py', reloading
 * Detected change in '/home/lucas/Documentos/projeto requisitos/REQ-2025.2-T02-ProJuris/src/backend/venv/lib/python3.14/site-packages/flask_cors/version.py', reloading
 * Detected change in '/home/lucas/Documentos/projeto requisitos/REQ-2025.2-T02-ProJuris/src/backend/venv/lib/python3.14/site-packages/flask_bcrypt.py', reloading
 * Detected change in '/home/lucas/Documentos/projeto requisitos/REQ-2025.2-T02-ProJuris/src/backend/venv/lib/python3.14/site-packages/flask_bcrypt.py', reloading
 * Detected change in '/home/lucas/Documentos/projeto requisitos/REQ-2025.2-T02-ProJuris/src/backend/venv/lib/python3.14/site-packages/flask_bcrypt.py', reloading
 * Restarting with watchdog (inotify)
 * Debugger is active!
 * Debugger PIN: 274-686-484
127.0.0.1 - - [30/Nov/2025 17:33:43] "OPTIONS /api/auth/register HTTP/1.1" 404 -
127.0.0.1 - - [30/Nov/2025 17:33:46] "OPTIONS /api/auth/register HTTP/1.1" 404 -
127.0.0.1 - - [30/Nov/2025 17:33:46] "OPTIONS /api/auth/register HTTP/1.1" 404 -
127.0.0.1 - - [30/Nov/2025 17:33:46] "OPTIONS /api/auth/register HTTP/1.1" 404 -
127.0.0.1 - - [30/Nov/2025 17:33:46] "OPTIONS /api/auth/register HTTP/1.1" 404 -
/usr/lib64/python3.14/multiprocessing/resource_tracker.py:297: UserWarning: resource_tracker: There appear to be 1 leaked semaphore objects to clean up at shutdown: {'/mp-9oy89s3j'}
  warnings.warn(
/usr/lib64/python3.14/multiprocessing/resource_tracker.py:297: UserWarning: resource_tracker: There appear to be 1 leaked semaphore objects to clean up at shutdown: {'/mp-51req9iu'}
  warnings.warn(
